DATE,AEROPORT T1,AEROPORT T2,ALFONS X,ARC DEL TRIOMF,ARTIGUES | S. ADRIÀ,AV. CARRILET,BAC DE RODA,BADAL,BADALONA | POMPEU FABRA,BARCELONETA,BARÓ DE VIVER,BELLVITGE,BESÒS,BESÒS MAR,BOGATELL,BON PASTOR,CAMP DE L´ARPA,CAN BOIXERES,CAN CUIÀS,CAN PEIXAUET,CAN SERRA,CAN TRIES - GORNAL,CAN VIDALET,CAN ZAM,CANYELLES,CASA DE L'AIGUA,CATALUNYA,CIUTADELLA,CIUTAT DE LA JUSTÍCIA,CIUTAT MERIDIANA,CLOT,COLLBLANC,CONGRÉS,CORNELLÀ CENTRE,CÈNTRIC,DIAGONAL,DRASSANES,ECOPARC,EL CARMEL,EL COLL | LA TEIXONERA,EL PRAT ESTACIÓ,ENCANTS,ENTENÇA,ERNEST LLUCH,EROPORT T1,ESGLÉSIA MAJOR,ESPANYA,EUROPA - FIRA,FABRA I PUIG,FIRA,FLORIDA,FOC,FONDO,FONERIA,FONTANA,GAVARRA,GIRONA,GLÒRIES,GORG,GUINARDÓ,H. CLÍNIC,H. DE ST. PAU,HORTA,HOSPITAL DE BELLVITGE,HOSTAFRANCS,JAUME I,JOANIC,LA PAU,LA SALUT,LES CORTS,LES MORERES,LESSEPS,LICEU,LLACUNA,LLEFIÀ,LLUCMAJOR,MARAGALL,MARESME - FÒRUM,MARIA CRISTINA,MARINA,MAS BLAU,MERCABARNA,MERCAT NOU,MONTBAU,MONUMENTAL,MUNDET,NAVAS,ONZE DE SETEMBRE,P. COMERCIAL - LA FACTORIA,P. DE GRÀCIA,PALAU REIAL,PARAL.LEL,PARC LOGÍSTIC,PARC NOU,PENITENTS,PEP VENTURA,PG. DE GRÀCIA,PL. DE SANTS,PL. DEL CENTRE,POBLE SEC,POBLENOU,PROVENÇANA,PUBILLA CASAS,R.J.OLIVERAS,ROCAFORT,ROQUETES,SAGRERA,SANT ANTONI,SANT MARTÍ,SANT ROC,SANTA ROSA,SANTS ESTACIÓ,SELVA DE MAR,SGDA. FAMÍLIA,SINGUERLÍN,ST. ANDREU,ST. ILDEFONS,STA. COLOMA,STA. EULÀLIA,TARRAGONA,TETUAN,TORRAS I BAGES,TORRASSA,TORRE BARÓ|VALLBONA,TRINITAT NOVA,TRINITAT VELLA,UNIVERSITAT,URGELL,URQUINAONA,VALL D´HEBRON,VALLCARCA,VALLDAURA,VERDAGUER,VERNEDA,VIA JÚLIA,VILAPICINA,VIRREI AMAT,Z.UNIVERSITÀRIA,ZAL - RIU VELL,ZONA FRANCA,ZONA UNIVERSITÀRIA
2021-01-01,,4349.0,128976.0,179333.0,191662.0,142792.0,117848.0,186644.0,179938.0,144247.0,21830.0,88596.0,51303.0,83072.0,47549.0,64803.0,130552.0,56481.0,18160.0,52668.0,84871.0,31690.0,185809.0,15821.0,68620.0,2651.0,533378.0,61220.0,19595.0,31192.0,292081.0,306608.0,76831.0,150353.0,47935.0,605601.0,112347.0,0.0,152393.0,85055.0,27123.0,96998.0,156009.0,0.0,29923.0,16646.0,430967.0,51054.0,265434.0,16007.0,120558.0,25422.0,243833.0,36209.0,178196.0,60945.0,60774.0,219937.0,77399.0,84634.0,309725.0,181454.0,140077.0,63096.0,79004.0,135051.0,194303.0,109740.0,89264.0,80597.0,33985.0,174751.0,180714.0,66390.0,68671.0,149040.0,184579.0,76581.0,114322.0,115717.0,30802.0,31048.0,77605.0,60045.0,76147.0,61878.0,112742.0,35322.0,0.0,215327.0,54576.0,309019.0,11941.0,19152.0,55012.0,79700.0,94860.0,241800.0,65776.0,185557.0,122543.0,28790.0,280565.0,99051.0,160514.0,67661.0,479945.0,192160.0,143757.0,80042.0,56871.0,341642.0,61991.0,344040.0,35372.0,171120.0,156526.0,162621.0,245155.0,43502.0,90017.0,113591.0,223217.0,20424.0,82243.0,70219.0,281220.0,138474.0,257298.0,157358.0,106015.0,53582.0,231837.0,27387.0,129494.0,133601.0,180101.0,63690.0,0.0,12794.0,21230.0
2021-02-01,,3981.0,134840.0,202013.0,206152.0,158926.0,126803.0,189213.0,192867.0,159511.0,24807.0,99012.0,53341.0,87649.0,53136.0,67772.0,139264.0,62002.0,20219.0,55135.0,90004.0,35096.0,195504.0,17016.0,75283.0,2868.0,551193.0,68774.0,22163.0,33288.0,316172.0,326708.0,81491.0,165306.0,50349.0,660436.0,124613.0,0.0,158424.0,88083.0,28340.0,100296.0,171205.0,0.0,20920.0,17927.0,465419.0,49795.0,255675.0,16663.0,126347.0,29087.0,254662.0,36678.0,191707.0,69302.0,69366.0,229799.0,84185.0,87285.0,345250.0,193909.0,146326.0,67428.0,84766.0,143273.0,204163.0,115836.0,95865.0,90146.0,37149.0,190610.0,187468.0,72723.0,70804.0,154895.0,190658.0,71266.0,124435.0,129211.0,27654.0,34130.0,81495.0,65023.0,82453.0,72640.0,117389.0,44191.0,0.0,234920.0,64653.0,326159.0,14401.0,20672.0,59723.0,88535.0,99237.0,265482.0,68474.0,195912.0,131067.0,30080.0,297104.0,99570.0,177199.0,71524.0,519569.0,200361.0,152334.0,84619.0,59743.0,362909.0,66807.0,374414.0,36602.0,183499.0,167164.0,176174.0,262848.0,48177.0,101860.0,118833.0,236288.0,22250.0,87634.0,75403.0,293785.0,158414.0,267388.0,171785.0,111505.0,58351.0,258734.0,30218.0,136733.0,140671.0,190434.0,74174.0,0.0,13451.0,24725.0
2021-03-01,,4767.0,159040.0,243888.0,243109.0,191916.0,150165.0,230492.0,235636.0,196665.0,27727.0,118414.0,65078.0,102112.0,65207.0,81584.0,164853.0,73914.0,22954.0,62992.0,106794.0,42017.0,229581.0,20633.0,87045.0,3202.0,720173.0,88712.0,26214.0,37121.0,378016.0,389992.0,97325.0,197536.0,63711.0,770286.0,151476.0,0.0,184804.0,101891.0,36276.0,121249.0,202088.0,0.0,25980.0,20423.0,579858.0,74281.0,343146.0,20108.0,147865.0,33775.0,307255.0,43181.0,224684.0,84314.0,78749.0,300989.0,103006.0,104614.0,402655.0,226568.0,171092.0,82451.0,99585.0,161930.0,242368.0,138245.0,113964.0,108460.0,45385.0,226703.0,222281.0,87558.0,84184.0,183972.0,225871.0,105332.0,156105.0,157825.0,33184.0,40054.0,95432.0,76277.0,95749.0,90683.0,138185.0,51257.0,0.0,290795.0,91482.0,385902.0,15751.0,25739.0,71974.0,105155.0,123911.0,307579.0,82669.0,233024.0,154740.0,34769.0,347290.0,126625.0,211570.0,82040.0,623360.0,231418.0,178367.0,98803.0,68722.0,459101.0,79921.0,443324.0,41007.0,220930.0,196309.0,213544.0,309621.0,58032.0,114385.0,150943.0,282135.0,24786.0,106310.0,90331.0,353357.0,186799.0,333278.0,200422.0,131662.0,66399.0,302333.0,35377.0,159671.0,165059.0,222936.0,94923.0,0.0,15590.0,31641.0
2021-04-01,,4780.0,149566.0,237963.0,229074.0,179219.0,141936.0,220202.0,222257.0,188255.0,26711.0,113668.0,62157.0,97388.0,60413.0,77894.0,159086.0,69303.0,21577.0,61045.0,102755.0,40239.0,217145.0,19549.0,82220.0,2994.0,687586.0,88691.0,24320.0,35453.0,364305.0,366036.0,92235.0,185275.0,60328.0,722219.0,144441.0,0.0,175464.0,96700.0,33580.0,115783.0,189423.0,0.0,30056.0,19081.0,544698.0,70590.0,331842.0,18676.0,138648.0,31101.0,290987.0,41170.0,210789.0,79649.0,75299.0,275802.0,98513.0,102109.0,382474.0,216575.0,163990.0,77567.0,96452.0,159381.0,232276.0,132503.0,107085.0,101550.0,41619.0,216944.0,218155.0,85176.0,79720.0,174492.0,213808.0,101943.0,138582.0,147849.0,33371.0,37693.0,92338.0,71453.0,91261.0,87863.0,133475.0,48658.0,0.0,280209.0,90318.0,361686.0,14167.0,24632.0,66789.0,99720.0,119692.0,291754.0,78763.0,215477.0,147301.0,33657.0,330231.0,121133.0,201092.0,78765.0,588227.0,223238.0,168963.0,93446.0,65252.0,432168.0,76475.0,424478.0,40755.0,207698.0,185138.0,199412.0,291558.0,55454.0,110984.0,144465.0,266615.0,23007.0,102477.0,83948.0,340299.0,175202.0,317378.0,187770.0,122191.0,65252.0,284694.0,33154.0,149606.0,157362.0,213819.0,91429.0,0.0,14555.0,30476.0
2021-05-01,,6455.0,159939.0,271092.0,248318.0,198128.0,154095.0,241003.0,242720.0,227551.0,28617.0,123216.0,66486.0,105328.0,67353.0,83419.0,172176.0,75260.0,21471.0,65840.0,111536.0,43326.0,235478.0,21251.0,87511.0,3148.0,782785.0,112467.0,27222.0,37039.0,394606.0,403421.0,98688.0,202661.0,65513.0,779482.0,167901.0,0.0,186799.0,103180.0,37344.0,125816.0,200519.0,0.0,48278.0,20248.0,605054.0,80331.0,367216.0,21479.0,149924.0,33624.0,310798.0,44105.0,234719.0,86195.0,85288.0,314999.0,107354.0,109310.0,409476.0,237238.0,178563.0,83153.0,96603.0,182611.0,254524.0,141638.0,115477.0,110792.0,46617.0,239940.0,248045.0,98229.0,85018.0,187471.0,226863.0,116671.0,157272.0,170160.0,38007.0,38924.0,98417.0,77225.0,100837.0,91513.0,141681.0,52288.0,0.0,308817.0,96587.0,397272.0,14566.0,27466.0,71647.0,107630.0,132349.0,321253.0,84892.0,237238.0,162724.0,36601.0,357599.0,136007.0,220842.0,83347.0,642662.0,244664.0,182406.0,100107.0,69396.0,519720.0,83812.0,486584.0,43399.0,232244.0,198708.0,217441.0,316150.0,62536.0,121424.0,154972.0,293207.0,24635.0,110068.0,92985.0,374273.0,193778.0,357455.0,202240.0,135382.0,69212.0,315359.0,35835.0,160270.0,169459.0,231315.0,100301.0,0.0,15254.0,33434.0
2021-06-01,,12485.0,166533.0,280063.0,255255.0,202681.0,156815.0,244469.0,262036.0,267833.0,26977.0,123649.0,68705.0,106162.0,76515.0,87747.0,174642.0,75849.0,20646.0,65865.0,113857.0,43950.0,239994.0,22301.0,86769.0,1905.0,826958.0,141480.0,28181.0,34187.0,411812.0,414205.0,100285.0,203602.0,69141.0,809325.0,183646.0,0.0,192819.0,104800.0,39077.0,130227.0,206233.0,0.0,57668.0,20540.0,647837.0,94758.0,376232.0,26807.0,154294.0,32081.0,321037.0,44336.0,235877.0,86141.0,86233.0,334419.0,113320.0,114763.0,410690.0,243665.0,179782.0,81322.0,102310.0,192995.0,269539.0,144976.0,119530.0,116464.0,46346.0,247549.0,275853.0,101854.0,87140.0,191850.0,233598.0,129697.0,166970.0,179750.0,40864.0,41720.0,99651.0,78686.0,106028.0,81716.0,146785.0,52358.0,0.0,326226.0,105071.0,416193.0,15623.0,28117.0,70124.0,113952.0,141793.0,325130.0,87446.0,242656.0,176067.0,37649.0,358109.0,143482.0,228707.0,81793.0,647260.0,246538.0,184035.0,104520.0,69820.0,544944.0,93604.0,530126.0,43034.0,241413.0,204070.0,225827.0,322439.0,63959.0,122961.0,161602.0,300597.0,23480.0,108150.0,92767.0,385268.0,197504.0,372633.0,202362.0,138367.0,68441.0,325994.0,36973.0,163060.0,170763.0,232309.0,97734.0,0.0,16073.0,32578.0
2021-07-01,,24597.0,158983.0,291944.0,249777.0,190608.0,144289.0,232205.0,255420.0,289403.0,24188.0,110651.0,62296.0,102653.0,72995.0,86468.0,159892.0,68846.0,26.0,62252.0,106724.0,40093.0,231210.0,20440.0,73110.0,0.0,870104.0,140380.0,27016.0,4.0,404284.0,402244.0,91069.0,195499.0,67803.0,783461.0,193746.0,0.0,182197.0,97094.0,37747.0,122195.0,189576.0,11958.0,68592.0,17713.0,651306.0,90375.0,352479.0,24655.0,151482.0,30193.0,314574.0,41976.0,232347.0,82780.0,80285.0,332412.0,110532.0,102997.0,364680.0,237368.0,167597.0,73827.0,95731.0,210814.0,250427.0,139709.0,114628.0,107127.0,44599.0,250675.0,322318.0,99876.0,83487.0,178886.0,214904.0,147906.0,149679.0,162375.0,37116.0,43293.0,93219.0,70893.0,100327.0,64480.0,137389.0,48252.0,0.0,342924.0,85196.0,412738.0,16226.0,28004.0,63234.0,108921.0,151896.0,292259.0,79270.0,231672.0,167926.0,36105.0,343449.0,132283.0,224415.0,72705.0,605231.0,239335.0,167960.0,106370.0,68506.0,555365.0,93467.0,569298.0,38314.0,218520.0,199180.0,212636.0,305275.0,57382.0,116819.0,155467.0,291986.0,4.0,56617.0,89228.0,379775.0,185343.0,371886.0,184599.0,134201.0,56180.0,308707.0,35810.0,180781.0,160583.0,224334.0,71273.0,0.0,16365.0,23758.0
2021-08-01,,29995.0,126415.0,262797.0,208748.0,151788.0,110896.0,193428.0,191044.0,286727.0,18986.0,84746.0,51952.0,88751.0,62982.0,70961.0,120171.0,52750.0,0.0,45551.0,91270.0,30324.0,192334.0,17239.0,52597.0,0.0,747449.0,127334.0,20173.0,0.0,323936.0,340563.0,65296.0,149905.0,57411.0,588281.0,194602.0,0.0,152993.0,80568.0,32812.0,95080.0,133696.0,58260.0,82334.0,13272.0,585950.0,84345.0,274886.0,20981.0,133257.0,24311.0,271504.0,35142.0,181179.0,64315.0,63411.0,278980.0,89077.0,75335.0,263051.0,184005.0,124159.0,54596.0,75728.0,190148.0,205632.0,113257.0,89082.0,87783.0,35466.0,217927.0,321416.0,96544.0,70737.0,139474.0,169065.0,131214.0,113577.0,122620.0,37142.0,39348.0,73482.0,54112.0,80984.0,49131.0,109442.0,34578.0,0.0,297306.0,63827.0,359707.0,15260.0,24094.0,45491.0,82715.0,123146.0,234848.0,60940.0,187893.0,139838.0,29341.0,270493.0,101601.0,171192.0,60205.0,476460.0,198999.0,131128.0,89199.0,58116.0,517753.0,78550.0,527119.0,28359.0,161237.0,167639.0,164719.0,248927.0,45306.0,90863.0,121995.0,259881.0,0.0,46968.0,70956.0,309737.0,146278.0,311226.0,141626.0,105762.0,43080.0,242624.0,28320.0,144662.0,129125.0,173161.0,50075.0,0.0,14857.0,16692.0
2021-09-01,,33613.0,172651.0,325221.0,259138.0,208654.0,159264.0,255350.0,259034.0,300976.0,28214.0,126170.0,70156.0,108829.0,89054.0,88844.0,174285.0,74276.0,11916.0,62454.0,115605.0,45287.0,233090.0,24837.0,88173.0,1336.0,953505.0,143599.0,29305.0,19452.0,419665.0,414027.0,95797.0,203718.0,66113.0,871729.0,228426.0,0.0,190989.0,104382.0,42387.0,133344.0,209228.0,86195.0,80247.0,19265.0,773641.0,100266.0,377496.0,25680.0,153852.0,37044.0,321532.0,40629.0,259646.0,88880.0,97474.0,356807.0,115167.0,111307.0,421776.0,261301.0,184503.0,95224.0,111172.0,241106.0,276234.0,150062.0,117139.0,130746.0,50967.0,284429.0,360644.0,126768.0,85688.0,187964.0,233527.0,155771.0,181366.0,198868.0,33959.0,43469.0,99963.0,78624.0,115666.0,115559.0,149292.0,51926.0,0.0,387537.0,171747.0,453424.0,16408.0,29851.0,74813.0,115727.0,157770.0,334231.0,93995.0,258813.0,187932.0,37460.0,318316.0,135208.0,261817.0,80774.0,669121.0,252483.0,185048.0,108337.0,71827.0,634308.0,98138.0,622037.0,39214.0,242270.0,199735.0,222319.0,323284.0,78541.0,139224.0,158454.0,303276.0,12835.0,108939.0,92198.0,450289.0,214195.0,419931.0,210445.0,148620.0,70449.0,349541.0,38278.0,156922.0,169787.0,236722.0,131504.0,0.0,16652.0,43835.0
2021-10-01,,40873.0,201065.0,374201.0,285594.0,245159.0,181821.0,288832.0,296238.0,323058.0,31827.0,146047.0,78615.0,117478.0,102393.0,98949.0,194197.0,82941.0,21881.0,62246.0,130373.0,53392.0,254824.0,26157.0,107695.0,3029.0,1138937.0,179030.0,33089.0,39707.0,463197.0,467303.0,110692.0,232396.0,84761.0,1007457.0,276400.0,0.0,210971.0,116404.0,41416.0,151624.0,243957.0,108337.0,79529.0,22177.0,925776.0,108532.0,448085.0,29653.0,169611.0,45665.0,355451.0,50039.0,301601.0,98887.0,110721.0,436233.0,123820.0,128749.0,486463.0,294945.0,200088.0,108023.0,125607.0,288219.0,320100.0,169054.0,125998.0,158610.0,58300.0,332243.0,427644.0,146462.0,93047.0,211323.0,263628.0,170268.0,210917.0,256956.0,31996.0,43024.0,114003.0,91672.0,133685.0,173667.0,169218.0,58011.0,0.0,453061.0,237681.0,544368.0,16525.0,34012.0,85305.0,126680.0,190426.0,389409.0,113338.0,299965.0,195838.0,41627.0,347571.0,155034.0,291288.0,91111.0,781588.0,286143.0,212754.0,117653.0,72580.0,683818.0,109392.0,723803.0,51844.0,276309.0,218287.0,248914.0,363596.0,87551.0,162904.0,181480.0,338974.0,24176.0,121676.0,98511.0,536704.0,246113.0,497432.0,244978.0,169140.0,81881.0,400034.0,41672.0,173901.0,188233.0,263844.0,169332.0,0.0,16575.0,56444.0
2021-11-01,,38494.0,208034.0,364668.0,290811.0,250132.0,192158.0,295061.0,299892.0,278993.0,33099.0,146233.0,81719.0,122313.0,105618.0,101137.0,203319.0,85133.0,21389.0,68293.0,129269.0,53566.0,260535.0,24992.0,106984.0,2815.0,1186983.0,175651.0,37525.0,37706.0,491778.0,483105.0,116758.0,229620.0,87150.0,1060640.0,259717.0,4862.0,215396.0,117542.0,46834.0,157218.0,258193.0,118280.0,72640.0,24243.0,938315.0,113742.0,449675.0,32649.0,168285.0,45697.0,359743.0,55016.0,304921.0,102520.0,114798.0,471106.0,126977.0,143268.0,516825.0,315887.0,210903.0,116915.0,130606.0,277825.0,338779.0,175833.0,123447.0,159715.0,58175.0,337971.0,412391.0,152936.0,89043.0,217922.0,274724.0,178777.0,223258.0,276169.0,33994.0,36771.0,116943.0,93400.0,136418.0,185172.0,174257.0,58481.0,4355.0,485350.0,246893.0,551742.0,15906.0,33531.0,90233.0,133294.0,198575.0,395547.0,117767.0,309928.0,206908.0,43878.0,352586.0,161569.0,302919.0,93670.0,814520.0,293854.0,221513.0,120054.0,79870.0,713372.0,114960.0,716462.0,50071.0,295313.0,219526.0,256782.0,371373.0,89987.0,168349.0,192274.0,343602.0,23864.0,124854.0,100820.0,553686.0,256474.0,534305.0,254646.0,176480.0,84611.0,418123.0,40404.0,179149.0,192417.0,271654.0,152457.0,14381.0,10835.0,50819.0
2021-12-01,,32447.0,184883.0,329990.0,279527.0,227269.0,172739.0,273453.0,264561.0,259599.0,28516.0,135103.0,77091.0,116196.0,83364.0,94850.0,185197.0,77144.0,19875.0,66129.0,125524.0,47192.0,254993.0,22745.0,91691.0,2823.0,1156355.0,132000.0,34270.0,35366.0,438945.0,455795.0,104655.0,212705.0,82396.0,932377.0,241339.0,7155.0,205645.0,111138.0,41131.0,143700.0,223144.0,107354.0,72392.0,20679.0,863530.0,110733.0,416127.0,26419.0,169209.0,37016.0,352327.0,52554.0,275618.0,92487.0,92744.0,408089.0,122642.0,123626.0,430900.0,284955.0,196785.0,86988.0,118370.0,272873.0,294003.0,163301.0,121599.0,141176.0,52571.0,291986.0,400954.0,122174.0,87653.0,204223.0,253511.0,170223.0,195628.0,220900.0,30523.0,43197.0,107358.0,81674.0,119769.0,122301.0,165065.0,52591.0,5392.0,440329.0,175162.0,483349.0,13670.0,28291.0,73973.0,118839.0,195662.0,357988.0,102792.0,276911.0,181160.0,42353.0,340426.0,144304.0,264592.0,83393.0,718756.0,267590.0,203914.0,109891.0,76705.0,621413.0,99204.0,716730.0,44606.0,272141.0,219343.0,239612.0,347005.0,75777.0,145410.0,186716.0,335519.0,20173.0,109835.0,92956.0,499723.0,224771.0,500908.0,213747.0,156551.0,73535.0,354611.0,37147.0,170390.0,175484.0,253256.0,105606.0,19134.0,8817.0,35202.0
2022-01-01,59061.0,27310.0,167117.0,305359.0,249160.0,201641.0,157650.0,243859.0,238645.0,243701.0,26475.0,122150.0,69651.0,108580.0,73797.0,89697.0,165436.0,70407.0,18061.0,63617.0,114887.0,44965.0,230973.0,20779.0,84639.0,2538.0,943089.0,135149.0,31499.0,32858.0,400151.0,399187.0,97088.0,189531.0,72625.0,832072.0,206842.0,7982.0,187811.0,100684.0,36248.0,129974.0,205660.0,100704.0,,19612.0,726239.0,92022.0,381399.0,24315.0,155635.0,36072.0,319475.0,47447.0,250072.0,84606.0,88681.0,367708.0,110613.0,111994.0,407541.0,256302.0,176614.0,81379.0,105782.0,220965.0,267754.0,100307.0,113926.0,120049.0,47067.0,259841.0,320816.0,111588.0,77944.0,186944.0,222655.0,136077.0,169079.0,194271.0,25704.0,40368.0,97990.0,73786.0,111550.0,109553.0,151314.0,49268.0,5626.0,378949.0,127457.0,435719.0,12675.0,27837.0,71747.0,107985.0,163714.0,322220.0,92203.0,255344.0,166840.0,39055.0,307732.0,130480.0,243850.0,79831.0,656454.0,252567.0,185841.0,102199.0,69101.0,550488.0,85191.0,581399.0,45340.0,225176.0,196749.0,211995.0,316970.0,68529.0,135689.0,159880.0,299881.0,18872.0,104763.0,87147.0,439699.0,209722.0,426090.0,197268.0,142796.0,69213.0,325686.0,35437.0,154733.0,160013.0,229967.0,98521.0,17450.0,7775.0,32840.0
2022-02-01,62552.0,36836.0,184490.0,341136.0,269240.0,229108.0,173801.0,272203.0,269288.0,269299.0,29988.0,129849.0,74785.0,112959.0,94567.0,96472.0,181919.0,78073.0,18897.0,63849.0,121674.0,47873.0,245893.0,23033.0,96233.0,2936.0,1032627.0,161479.0,35683.0,35489.0,450630.0,441983.0,110430.0,212647.0,76177.0,959126.0,235180.0,8593.0,195656.0,109755.0,40262.0,140848.0,237466.0,117316.0,,21391.0,813246.0,105853.0,417521.0,31520.0,159639.0,43380.0,334801.0,49842.0,283913.0,97471.0,103695.0,428306.0,116743.0,126343.0,474962.0,290908.0,194505.0,96013.0,119415.0,260937.0,305998.0,107189.0,118268.0,148604.0,53027.0,308375.0,374494.0,137309.0,88883.0,202482.0,251792.0,145171.0,193259.0,256550.0,25551.0,43653.0,106974.0,86018.0,126097.0,143227.0,159761.0,52492.0,6310.0,424659.0,175671.0,496655.0,13412.0,31583.0,81922.0,121015.0,168193.0,361441.0,103636.0,276451.0,191034.0,40831.0,322995.0,144360.0,279688.0,86678.0,740598.0,261942.0,204229.0,109254.0,72266.0,631266.0,101425.0,662521.0,47034.0,240085.0,210336.0,235723.0,343805.0,80289.0,150169.0,171280.0,321112.0,20650.0,114410.0,94103.0,488560.0,235284.0,469257.0,221630.0,161984.0,77331.0,376156.0,39651.0,168293.0,175700.0,245641.0,139422.0,18065.0,8898.0,46474.0
2022-03-01,84724.0,47027.0,218008.0,407901.0,314060.0,279784.0,206421.0,328191.0,323820.0,308609.0,35529.0,161093.0,87270.0,132690.0,115985.0,109202.0,221451.0,102966.0,21216.0,71438.0,141434.0,59550.0,282256.0,26665.0,112684.0,3378.0,1225007.0,182276.0,43807.0,39989.0,532904.0,525828.0,132918.0,238125.0,94159.0,1169826.0,284375.0,9891.0,232202.0,126611.0,51887.0,166084.0,283232.0,146123.0,,24225.0,1043363.0,131013.0,480671.0,46435.0,184887.0,51585.0,388034.0,60506.0,341832.0,107949.0,126184.0,482357.0,138474.0,153240.0,569999.0,347373.0,227645.0,126106.0,140573.0,305844.0,359864.0,125043.0,138181.0,178202.0,58271.0,369146.0,455741.0,166223.0,98237.0,232997.0,293103.0,182480.0,234858.0,313880.0,29128.0,51862.0,123709.0,101671.0,153062.0,183155.0,189530.0,61970.0,7969.0,510319.0,257162.0,592588.0,14863.0,38500.0,96765.0,146224.0,208043.0,430266.0,125496.0,336193.0,216566.0,50147.0,373195.0,178969.0,333932.0,101440.0,875120.0,311438.0,236606.0,128068.0,81666.0,772939.0,128016.0,802473.0,56898.0,314071.0,228760.0,279198.0,403177.0,101020.0,193230.0,194201.0,368362.0,23492.0,131814.0,106737.0,591405.0,286341.0,557148.0,265094.0,196716.0,87513.0,460185.0,47928.0,192047.0,205466.0,289134.0,178297.0,21645.0,12808.0,59432.0
2022-04-01,111687.0,53791.0,216823.0,423304.0,291600.0,253098.0,181307.0,281616.0,293419.0,399393.0,30534.0,146975.0,81037.0,123943.0,110147.0,96998.0,146137.0,79603.0,20072.0,68256.0,142139.0,52460.0,248756.0,24165.0,100401.0,2756.0,1264697.0,202042.0,37447.0,35459.0,511267.0,492636.0,86036.0,213523.0,88597.0,1027132.0,317972.0,8563.0,192869.0,104651.0,47663.0,161423.0,222168.0,124925.0,,20423.0,1046806.0,126553.0,451882.0,47424.0,183543.0,43007.0,360924.0,54091.0,315464.0,97461.0,116065.0,460724.0,134781.0,139853.0,441121.0,233087.0,177744.0,105128.0,131944.0,350992.0,339138.0,112745.0,122784.0,178842.0,57010.0,379817.0,518456.0,163208.0,90573.0,223176.0,255007.0,243528.0,219069.0,295288.0,27877.0,45491.0,121932.0,90610.0,141534.0,149406.0,178906.0,53034.0,7919.0,541559.0,218071.0,582117.0,12866.0,36511.0,84734.0,129716.0,221153.0,385895.0,116277.0,308631.0,208568.0,45252.0,331133.0,160382.0,302213.0,89529.0,758619.0,287363.0,209285.0,116281.0,71660.0,710586.0,123695.0,772283.0,48914.0,270332.0,222905.0,254303.0,378000.0,97000.0,173394.0,182095.0,362607.0,20951.0,120208.0,95829.0,559342.0,271823.0,543190.0,229621.0,196530.0,78488.0,362551.0,44020.0,174619.0,166125.0,191304.0,143167.0,20178.0,10112.0,47722.0
2022-05-01,114367.0,55021.0,232958.0,445188.0,326455.0,280639.0,204745.0,327702.0,347965.0,435031.0,35705.0,160774.0,88520.0,138198.0,117941.0,113070.0,215780.0,92568.0,21596.0,80929.0,150817.0,60254.0,286158.0,27662.0,112934.0,2000.0,1299154.0,247626.0,44125.0,39255.0,544735.0,538266.0,127167.0,255575.0,98220.0,1172417.0,335645.0,10699.0,232397.0,126949.0,53759.0,171053.0,276351.0,153450.0,,23894.0,1121283.0,142361.0,493975.0,51866.0,195531.0,46075.0,387899.0,62379.0,338485.0,109098.0,130004.0,523590.0,149159.0,150030.0,545787.0,335355.0,224395.0,125110.0,144748.0,356049.0,375012.0,128318.0,139067.0,187315.0,63823.0,407481.0,522503.0,180301.0,105587.0,243364.0,307379.0,224695.0,236461.0,318667.0,31680.0,53779.0,127869.0,103070.0,153187.0,175379.0,195027.0,62034.0,8662.0,549708.0,238950.0,620616.0,14397.0,41179.0,97785.0,149958.0,227733.0,430464.0,124330.0,339878.0,244651.0,51459.0,380084.0,178965.0,335396.0,102621.0,887929.0,315123.0,237742.0,134169.0,83441.0,818269.0,141789.0,879795.0,56578.0,297418.0,252407.0,282443.0,412737.0,106493.0,187691.0,203502.0,396087.0,23914.0,134387.0,111561.0,601960.0,287556.0,575106.0,262808.0,208686.0,91770.0,459594.0,47934.0,199954.0,205727.0,287619.0,175987.0,24415.0,11944.0,58662.0
2022-06-01,119765.0,49088.0,218644.0,413561.0,305898.0,253301.0,188010.0,299779.0,325418.0,466276.0,31043.0,142980.0,80330.0,146541.0,119092.0,106370.0,195535.0,82966.0,20218.0,69443.0,140402.0,52098.0,260768.0,27453.0,97082.0,1112.0,1211321.0,260919.0,41179.0,36016.0,498250.0,496478.0,113581.0,239832.0,88962.0,1065796.0,318592.0,10311.0,219096.0,119650.0,49544.0,160808.0,246226.0,145661.0,,22668.0,1049174.0,130004.0,439540.0,48570.0,184931.0,42506.0,372985.0,58298.0,310557.0,104573.0,128409.0,488665.0,141323.0,142908.0,474437.0,302430.0,203265.0,105634.0,133945.0,370248.0,363043.0,116686.0,133499.0,162942.0,57134.0,370242.0,493812.0,168974.0,99444.0,223174.0,288093.0,262813.0,214008.0,291851.0,31090.0,49324.0,119360.0,92101.0,141160.0,121323.0,178588.0,56359.0,8000.0,524405.0,168667.0,583036.0,13691.0,37981.0,84181.0,140382.0,219423.0,397297.0,112862.0,312050.0,233993.0,47288.0,355131.0,158319.0,305164.0,93267.0,793856.0,293040.0,215302.0,125630.0,78072.0,772944.0,144642.0,846833.0,46179.0,277945.0,236012.0,261882.0,384854.0,95133.0,167578.0,187451.0,366056.0,21412.0,123052.0,102270.0,546893.0,272518.0,561126.0,236794.0,189345.0,80168.0,430692.0,44094.0,186789.0,187449.0,260500.0,123259.0,24509.0,11161.0,41086.0
2022-07-01,121976.0,46236.0,216115.0,412040.0,289955.0,243588.0,175441.0,284183.0,312822.0,447566.0,28568.0,133650.0,75540.0,124519.0,108048.0,103681.0,175501.0,75689.0,19021.0,68355.0,134132.0,46653.0,258940.0,34014.0,88562.0,1922.0,1272071.0,241886.0,38169.0,32478.0,485392.0,477517.0,8.0,211967.0,89464.0,990064.0,368514.0,11069.0,124599.0,69324.0,34883.0,151741.0,226149.0,138141.0,,20038.0,1016126.0,114005.0,479785.0,36237.0,183352.0,41252.0,362414.0,53812.0,294466.0,98457.0,114931.0,455111.0,133561.0,129717.0,413823.0,265366.0,105462.0,95222.0,124591.0,360559.0,341908.0,112321.0,124256.0,155453.0,54930.0,361813.0,346723.0,161785.0,94049.0,250270.0,210891.0,242371.0,205823.0,263036.0,32497.0,48332.0,115903.0,87085.0,136116.0,91236.0,167898.0,53183.0,8076.0,522128.0,138704.0,571354.0,14133.0,35780.0,74575.0,133839.0,220486.0,356080.0,102841.0,297766.0,217728.0,45417.0,346151.0,149195.0,291079.0,86814.0,845092.0,281320.0,199129.0,123910.0,75034.0,735740.0,131375.0,864106.0,39186.0,242472.0,227016.0,246104.0,371460.0,90258.0,158116.0,180911.0,363765.0,19195.0,116199.0,107242.0,515227.0,256714.0,523099.0,201066.0,190733.0,81698.0,389474.0,40456.0,175122.0,3.0,0.0,97831.0,26848.0,11539.0,32610.0
2022-08-01,127736.0,35107.0,179444.0,357358.0,247654.0,189221.0,134266.0,243646.0,241704.0,433912.0,21384.0,100881.0,64939.0,111360.0,85000.0,85069.0,136005.0,58608.0,15752.0,58919.0,106850.0,36547.0,215397.0,19949.0,64201.0,2129.0,1058885.0,210932.0,30167.0,27720.0,393652.0,442879.0,9.0,173238.0,75894.0,777325.0,117409.0,9938.0,82927.0,41498.0,38814.0,122185.0,171283.0,115077.0,,14976.0,812103.0,110423.0,361228.0,39786.0,157474.0,31938.0,312442.0,40041.0,242104.0,77013.0,91763.0,363743.0,106701.0,102778.0,312109.0,209632.0,21.0,73137.0,99531.0,327344.0,302032.0,92895.0,110847.0,112408.0,44972.0,290131.0,419731.0,139199.0,79947.0,206530.0,171629.0,193029.0,149522.0,198307.0,30323.0,43843.0,90455.0,66657.0,109867.0,65006.0,133559.0,39044.0,6587.0,445699.0,87157.0,503694.0,13170.0,30574.0,51347.0,103824.0,193809.0,301970.0,67971.0,195414.0,182980.0,38164.0,297430.0,114859.0,227784.0,69053.0,661575.0,238883.0,155390.0,103410.0,64461.0,664085.0,105298.0,800909.0,34738.0,180364.0,194016.0,194069.0,297496.0,54796.0,125263.0,139125.0,310908.0,15399.0,92008.0,75012.0,432832.0,198465.0,436279.0,152871.0,160381.0,63945.0,321509.0,36962.0,145529.0,10.0,8.0,65528.0,25382.0,10099.0,21843.0
2022-09-01,125332.0,37857.0,230499.0,440630.0,318659.0,270702.0,199902.0,318533.0,358690.0,440722.0,35153.0,157305.0,88924.0,135513.0,119456.0,113063.0,209849.0,89313.0,22524.0,81179.0,142512.0,57991.0,269539.0,32421.0,111068.0,3638.0,1271945.0,206021.0,37738.0,40157.0,506985.0,517191.0,108168.0,249286.0,97804.0,1133246.0,334205.0,11575.0,213111.0,117934.0,53122.0,168436.0,264829.0,163608.0,,25234.0,1095929.0,135161.0,469653.0,52008.0,189296.0,56600.0,390123.0,60062.0,310830.0,110247.0,122932.0,477593.0,141356.0,145257.0,516588.0,329645.0,211518.0,115471.0,145084.0,374496.0,357162.0,129200.0,140779.0,172176.0,63581.0,376279.0,516045.0,174388.0,98079.0,240341.0,294286.0,222686.0,236915.0,302472.0,30951.0,52024.0,124725.0,94545.0,151886.0,155295.0,183424.0,61621.0,7842.0,517753.0,244672.0,617793.0,14892.0,40571.0,87509.0,146496.0,228138.0,419897.0,119354.0,324247.0,241294.0,50148.0,367435.0,167969.0,317785.0,99738.0,853721.0,303560.0,227710.0,132989.0,84325.0,809340.0,131967.0,887279.0,55553.0,391635.0,247915.0,276896.0,398574.0,102082.0,184294.0,190488.0,385808.0,24711.0,132642.0,105618.0,592183.0,282186.0,566849.0,249590.0,199737.0,90718.0,437693.0,47576.0,193662.0,188652.0,255769.0,181677.0,26631.0,12004.0,60559.0
2022-10-01,128826.0,42912.0,247467.0,475332.0,336625.0,297773.0,216867.0,350058.0,361873.0,455891.0,37734.0,162441.0,92037.0,147599.0,129071.0,121897.0,228326.0,97721.0,23406.0,85925.0,157622.0,66123.0,298489.0,32340.0,121603.0,4091.0,1460527.0,243437.0,40515.0,42702.0,524563.0,586294.0,122743.0,264385.0,102678.0,1236194.0,371032.0,11095.0,239134.0,130748.0,52598.0,181976.0,293454.0,175851.0,,26690.0,1187301.0,130407.0,510830.0,46613.0,203135.0,55761.0,411940.0,64779.0,358133.0,117313.0,136929.0,562850.0,153449.0,156692.0,571800.0,363570.0,233671.0,128903.0,155650.0,401225.0,397564.0,138874.0,152714.0,201930.0,67876.0,421315.0,562086.0,191065.0,108544.0,254453.0,325034.0,247550.0,251347.0,339173.0,30883.0,51590.0,135981.0,106275.0,165071.0,204878.0,196514.0,66556.0,7853.0,552398.0,294430.0,669757.0,14912.0,42933.0,97632.0,152961.0,247677.0,456846.0,133127.0,352725.0,246690.0,55224.0,395318.0,187510.0,350143.0,110262.0,954935.0,328067.0,250993.0,141873.0,91826.0,866863.0,138636.0,984787.0,60752.0,570299.0,266116.0,293472.0,430465.0,105110.0,200021.0,207575.0,412924.0,25911.0,144713.0,112785.0,670694.0,305164.0,619315.0,277921.0,220259.0,95467.0,484781.0,51049.0,206499.0,210021.0,287485.0,204419.0,25139.0,12902.0,68140.0
2022-11-01,109113.0,35832.0,250027.0,436037.0,341522.0,306237.0,224127.0,344325.0,374170.0,381393.0,39124.0,167753.0,94738.0,147970.0,126428.0,120504.0,233387.0,99370.0,24319.0,86401.0,157387.0,66430.0,299318.0,33628.0,124913.0,4031.0,1434038.0,223132.0,42339.0,43976.0,523325.0,557633.0,127045.0,268182.0,99186.0,1248303.0,330890.0,11759.0,243469.0,132223.0,51971.0,187252.0,304247.0,180044.0,,28024.0,1119903.0,129716.0,526388.0,49372.0,196859.0,61041.0,419682.0,65332.0,358850.0,121038.0,135963.0,571091.0,154133.0,161444.0,596332.0,369743.0,241637.0,138016.0,155064.0,382565.0,398056.0,141610.0,151953.0,188876.0,66898.0,399824.0,502156.0,189892.0,107687.0,258579.0,331006.0,232270.0,254086.0,342547.0,37914.0,54296.0,135017.0,111218.0,166412.0,207258.0,200060.0,67178.0,8008.0,528468.0,282297.0,654559.0,16521.0,42033.0,103869.0,155449.0,243435.0,453414.0,134546.0,350949.0,244257.0,55116.0,396052.0,189195.0,356606.0,109940.0,989883.0,331374.0,259903.0,142797.0,91552.0,841051.0,144930.0,907983.0,61993.0,555861.0,268157.0,295358.0,433046.0,105557.0,205286.0,212653.0,406080.0,27145.0,147276.0,113496.0,678424.0,310097.0,630453.0,293035.0,218573.0,98758.0,484868.0,52595.0,207411.0,214211.0,293335.0,200577.0,24886.0,12591.0,66859.0
2022-12-01,104390.0,31414.0,234779.0,421653.0,329615.0,280469.0,214813.0,330913.0,319130.0,379247.0,33700.0,152955.0,92105.0,142867.0,107698.0,117863.0,220215.0,91154.0,23191.0,83420.0,150666.0,57880.0,290973.0,29587.0,106816.0,3300.0,1464009.0,175252.0,44764.0,39188.0,508317.0,532003.0,119419.0,252261.0,93458.0,1116312.0,332953.0,11077.0,235585.0,128140.0,48256.0,176419.0,274140.0,162890.0,,25395.0,1053800.0,114662.0,492630.0,48952.0,198259.0,50715.0,412159.0,63621.0,335067.0,108955.0,115283.0,518311.0,152804.0,149380.0,502228.0,337069.0,233761.0,103113.0,142423.0,388464.0,357789.0,137790.0,145956.0,173169.0,58511.0,357948.0,523501.0,159454.0,106339.0,247136.0,324038.0,226451.0,233068.0,289451.0,36262.0,47012.0,129787.0,99110.0,154725.0,143035.0,198521.0,60379.0,6963.0,541996.0,195601.0,604306.0,14444.0,36176.0,89628.0,140675.0,252428.0,423133.0,122810.0,325944.0,223775.0,56189.0,389352.0,169776.0,321454.0,101637.0,877780.0,312791.0,241517.0,132658.0,87882.0,776997.0,129820.0,909606.0,50962.0,346959.0,264193.0,284573.0,411339.0,96344.0,185372.0,211682.0,390089.0,23471.0,129332.0,103889.0,632582.0,281510.0,621474.0,249394.0,198829.0,87272.0,420682.0,48465.0,205421.0,206872.0,286569.0,146677.0,22079.0,11377.0,48892.0
2023-01-01,111617.0,40057.0,250475.0,436800.0,336423.0,293642.0,229741.0,342565.0,325315.0,383183.0,35612.0,162596.0,94390.0,148573.0,119647.0,124129.0,232393.0,95609.0,24126.0,87485.0,153594.0,61823.0,294842.0,31514.0,114949.0,3584.0,1343888.0,203720.0,46463.0,41975.0,545206.0,552246.0,129235.0,262237.0,99176.0,1191312.0,327097.0,13175.0,245774.0,132796.0,52868.0,182835.0,299428.0,177328.0,,27789.0,1051626.0,133064.0,493698.0,45873.0,199066.0,56807.0,412478.0,66347.0,354705.0,119412.0,128738.0,544902.0,154486.0,163874.0,568802.0,352850.0,243459.0,113311.0,152134.0,372178.0,393137.0,217059.0,145686.0,181565.0,64500.0,390458.0,496200.0,178057.0,109053.0,256683.0,334249.0,221320.0,248393.0,316298.0,29685.0,51096.0,132965.0,104694.0,169100.0,148388.0,198241.0,64755.0,8001.0,558622.0,191116.0,628284.0,15303.0,40291.0,99318.0,149347.0,243796.0,445623.0,129661.0,348970.0,233238.0,55014.0,392859.0,179061.0,348204.0,106132.0,898172.0,338151.0,256101.0,138173.0,90452.0,805269.0,149154.0,900126.0,58863.0,324068.0,264512.0,286061.0,423001.0,100412.0,202865.0,214124.0,397901.0,25275.0,135058.0,111668.0,637539.0,309963.0,613117.0,271981.0,211100.0,92385.0,458836.0,51939.0,209015.0,216817.0,297605.0,145790.0,26561.0,12197.0,48597.0
2023-02-01,117996.0,41490.0,246449.0,444253.0,324768.0,299674.0,226228.0,346188.0,329482.0,384502.0,36224.0,163697.0,93569.0,142969.0,128046.0,120572.0,234062.0,95023.0,23277.0,80924.0,151643.0,63701.0,293565.0,31663.0,115917.0,3660.0,1307306.0,217489.0,48541.0,41662.0,550092.0,568654.0,131940.0,258967.0,99342.0,1218718.0,330306.0,12898.0,241296.0,130639.0,55981.0,180373.0,310200.0,184868.0,,28404.0,1102525.0,162471.0,488963.0,68109.0,196112.0,60923.0,400254.0,66751.0,362596.0,118810.0,138275.0,570923.0,164028.0,165401.0,594229.0,362254.0,239043.0,122722.0,152955.0,389103.0,391465.0,214185.0,145363.0,193556.0,60634.0,404545.0,516399.0,191343.0,108507.0,251735.0,329896.0,216644.0,247153.0,334493.0,26392.0,51807.0,131174.0,106157.0,170925.0,171904.0,197283.0,64137.0,7821.0,560477.0,234023.0,626572.0,14749.0,42530.0,103711.0,149559.0,226975.0,449681.0,131002.0,351374.0,237900.0,54792.0,390126.0,182830.0,352402.0,104642.0,908094.0,321363.0,250644.0,135868.0,90165.0,844116.0,156343.0,911022.0,60869.0,319562.0,262733.0,280881.0,414775.0,102565.0,204567.0,203984.0,397492.0,24727.0,137380.0,107945.0,639378.0,313347.0,604448.0,276089.0,176256.0,91893.0,478007.0,50654.0,207221.0,216100.0,295367.0,178461.0,24650.0,12438.0,59487.0
2023-03-01,130975.0,46292.0,285127.0,515004.0,377269.0,344193.0,257432.0,398797.0,392289.0,476898.0,43547.0,189941.0,107722.0,168136.0,143803.0,137552.0,269315.0,112665.0,25976.0,102934.0,181566.0,75587.0,338409.0,37413.0,134761.0,4041.0,1490692.0,250421.0,56451.0,48282.0,641770.0,656155.0,155722.0,296745.0,115595.0,1403620.0,378677.0,15403.0,275424.0,149326.0,66116.0,205503.0,354265.0,217666.0,,33400.0,1315450.0,171064.0,569637.0,64414.0,224095.0,68665.0,464445.0,76334.0,416430.0,137798.0,162633.0,623871.0,176211.0,182332.0,685060.0,415262.0,273833.0,144905.0,174449.0,443533.0,439187.0,247263.0,174072.0,225671.0,77601.0,466215.0,583941.0,213006.0,125059.0,282439.0,348780.0,264946.0,282086.0,371863.0,33475.0,56556.0,150473.0,122878.0,198520.0,214436.0,228566.0,69479.0,9505.0,649125.0,313679.0,737294.0,17564.0,49403.0,118694.0,176246.0,263652.0,515724.0,152218.0,401043.0,276304.0,63908.0,445802.0,211954.0,398855.0,121773.0,1050764.0,374222.0,291041.0,151466.0,104568.0,983733.0,183523.0,1054629.0,70290.0,367338.0,303639.0,327305.0,478445.0,120086.0,242125.0,232364.0,462292.0,28593.0,157302.0,125514.0,741224.0,354130.0,691046.0,319598.0,215788.0,108682.0,558582.0,58044.0,231053.0,245935.0,346405.0,221726.0,28264.0,13823.0,73909.0
2023-04-01,145050.0,52366.0,259648.0,502581.0,341374.0,303955.0,223927.0,367615.0,342422.0,512119.0,36121.0,160362.0,96997.0,153467.0,125697.0,123481.0,233471.0,100453.0,22548.0,92051.0,164294.0,64542.0,310652.0,32752.0,110610.0,3293.0,1418144.0,250379.0,49353.0,43074.0,580949.0,619706.0,133692.0,264757.0,104206.0,1248390.0,388432.0,12677.0,248945.0,134098.0,58610.0,183745.0,298965.0,191598.0,,28585.0,1206201.0,146865.0,495688.0,54063.0,207217.0,58496.0,419886.0,67698.0,372066.0,117991.0,142537.0,559949.0,160101.0,155573.0,570192.0,360193.0,237997.0,114099.0,152373.0,451730.0,397460.0,218575.0,157813.0,201892.0,67601.0,427093.0,634458.0,188774.0,114125.0,252250.0,302042.0,322190.0,247918.0,322341.0,30038.0,45763.0,136937.0,105190.0,178690.0,162522.0,202738.0,64675.0,7725.0,632362.0,246627.0,692957.0,14440.0,45090.0,97602.0,152315.0,253433.0,455990.0,130423.0,358215.0,252843.0,59556.0,410607.0,185361.0,347656.0,103558.0,907495.0,335861.0,250536.0,138697.0,92858.0,904907.0,159366.0,1075132.0,59240.0,313344.0,277800.0,285861.0,431607.0,106311.0,211777.0,203404.0,428613.0,24343.0,135061.0,111899.0,638241.0,307668.0,635240.0,267521.0,203652.0,92524.0,488613.0,50949.0,208384.0,215646.0,304608.0,160757.0,22949.0,10962.0,53586.0
2023-05-01,143216.0,54055.0,282373.0,527476.0,381028.0,343188.0,258744.0,407870.0,388244.0,518934.0,42752.0,188333.0,109335.0,172554.0,145472.0,138634.0,267809.0,113656.0,25360.0,101170.0,180000.0,73507.0,343817.0,37391.0,130001.0,4358.0,1500397.0,270320.0,57203.0,48581.0,646788.0,661502.0,159009.0,310011.0,113832.0,1416344.0,406217.0,15705.0,276627.0,154107.0,57085.0,210477.0,349132.0,224587.0,,34083.0,1307433.0,156948.0,566214.0,50925.0,229059.0,69650.0,457857.0,76497.0,412889.0,141042.0,164873.0,620257.0,176620.0,176950.0,680510.0,416899.0,273377.0,142291.0,174455.0,464385.0,451956.0,247363.0,177976.0,225622.0,78739.0,476628.0,637222.0,220999.0,127675.0,285844.0,341039.0,291608.0,283481.0,371061.0,31672.0,54866.0,153989.0,122091.0,204178.0,199217.0,229414.0,75443.0,9681.0,649859.0,284008.0,749635.0,18251.0,50078.0,117866.0,174947.0,265180.0,520291.0,150053.0,402110.0,288114.0,66035.0,448846.0,210195.0,402391.0,119828.0,1042607.0,377474.0,293744.0,157327.0,105969.0,976536.0,175588.0,1133921.0,69610.0,368768.0,309480.0,324647.0,485905.0,124352.0,241055.0,228330.0,467660.0,29132.0,154809.0,126377.0,712702.0,351165.0,694293.0,313977.0,261814.0,106834.0,563323.0,58193.0,235214.0,247459.0,350757.0,210363.0,28519.0,13776.0,70121.0
2023-06-01,133939.0,47674.0,238546.0,507583.0,360770.0,312504.0,236572.0,372672.0,378874.0,461888.0,37597.0,166069.0,98110.0,162476.0,131461.0,130032.0,248414.0,104756.0,23124.0,96838.0,170278.0,65429.0,330652.0,34369.0,112874.0,3594.0,1377053.0,248786.0,52052.0,43479.0,613013.0,574833.0,142425.0,284830.0,106915.0,1270415.0,381634.0,14906.0,259795.0,143871.0,57683.0,195974.0,317758.0,206956.0,,30403.0,1129861.0,148743.0,511990.0,60199.0,220016.0,57729.0,434027.0,69530.0,376413.0,130527.0,121021.0,574276.0,177891.0,153179.0,588808.0,372358.0,251869.0,121160.0,159302.0,367233.0,390926.0,234090.0,171129.0,194525.0,69291.0,427689.0,592264.0,178638.0,123678.0,247583.0,308973.0,291617.0,249760.0,347230.0,32757.0,49948.0,142728.0,109887.0,185138.0,137841.0,213230.0,68137.0,9572.0,582551.0,190655.0,697532.0,17111.0,47209.0,102656.0,167787.0,240539.0,472059.0,132477.0,351796.0,254299.0,61307.0,429562.0,190093.0,367797.0,111880.0,957931.0,352986.0,266057.0,150498.0,99252.0,931304.0,154046.0,1049722.0,58902.0,331061.0,289405.0,298129.0,445230.0,106193.0,222964.0,216201.0,437768.0,25878.0,139612.0,118919.0,635159.0,323986.0,587520.0,279305.0,233929.0,93166.0,505495.0,56647.0,212508.0,230238.0,328632.0,146175.0,27845.0,11926.0,48725.0
2023-07-01,150745.0,50830.0,121371.0,557314.0,351308.0,293853.0,226646.0,352392.0,363409.0,2.0,34403.0,151658.0,78293.0,140104.0,103378.0,129579.0,234420.0,94847.0,21250.0,91812.0,161019.0,53516.0,318100.0,33339.0,109207.0,2665.0,1494181.0,3.0,49242.0,35254.0,607418.0,556560.0,132846.0,266913.0,103743.0,1233466.0,440071.0,13527.0,252268.0,140597.0,57615.0,184411.0,284398.0,194733.0,,28114.0,1120457.0,150016.0,498953.0,38970.0,214893.0,54410.0,423334.0,66081.0,379777.0,121477.0,0.0,593793.0,167217.0,86725.0,521126.0,354219.0,233510.0,110630.0,144292.0,0.0,165318.0,221573.0,166502.0,178898.0,65449.0,439743.0,702573.0,49073.0,118545.0,158680.0,254546.0,213849.0,236984.0,410075.0,34911.0,49755.0,132380.0,103070.0,173446.0,105392.0,201532.0,63982.0,10131.0,474696.0,153631.0,680606.0,17030.0,43791.0,89522.0,160369.0,184773.0,430141.0,121112.0,353126.0,107820.0,58784.0,421173.0,174452.0,337507.0,110914.0,913970.0,323273.0,255542.0,149177.0,97319.0,946560.0,78868.0,1115771.0,55400.0,305084.0,272700.0,279457.0,426762.0,101589.0,236151.0,216006.0,432832.0,20483.0,120991.0,126427.0,609523.0,299600.0,341748.0,259740.0,210603.0,79466.0,437833.0,55338.0,153656.0,217897.0,331740.0,110159.0,27541.0,10190.0,36720.0
2023-08-01,160270.0,50338.0,112192.0,474797.0,294849.0,282432.0,174707.0,293085.0,283951.0,225892.0,26043.0,118968.0,69822.0,129036.0,52333.0,107990.0,179632.0,73782.0,17174.0,77263.0,135078.0,38050.0,269824.0,24771.0,80459.0,2199.0,1225607.0,89857.0,39611.0,29367.0,495634.0,493327.0,100283.0,212798.0,86758.0,964047.0,379299.0,11966.0,211912.0,115627.0,48130.0,146161.0,213122.0,156053.0,,21490.0,895872.0,127006.0,382579.0,36271.0,189982.0,39289.0,360671.0,56626.0,337374.0,95709.0,17091.0,461408.0,134664.0,71712.0,394570.0,274638.0,177747.0,88137.0,114682.0,58060.0,168075.0,184397.0,145739.0,135325.0,51647.0,361865.0,649886.0,71101.0,103234.0,139437.0,204769.0,194898.0,180227.0,295807.0,31591.0,42549.0,104821.0,81342.0,144114.0,75439.0,163216.0,48874.0,8402.0,424939.0,97459.0,572520.0,14816.0,37544.0,64796.0,124950.0,161141.0,353318.0,94181.0,282738.0,119971.0,50839.0,367657.0,134517.0,254320.0,90440.0,714699.0,274210.0,202747.0,128095.0,84016.0,822651.0,80973.0,1012938.0,43348.0,223341.0,236722.0,219161.0,348713.0,81971.0,183945.0,166822.0,378620.0,17236.0,100614.0,93840.0,480124.0,233119.0,309078.0,209482.0,194529.0,61063.0,359477.0,46461.0,130980.0,176494.0,267741.0,76924.0,27109.0,10065.0,25641.0
2023-09-01,147845.0,52518.0,240392.0,519823.0,349204.0,309785.0,226490.0,362067.0,354510.0,493594.0,39109.0,172642.0,100674.0,154997.0,123734.0,127638.0,236067.0,99465.0,23555.0,95928.0,164246.0,53896.0,318516.0,39433.0,116530.0,3520.0,1339227.0,226399.0,49802.0,42191.0,596566.0,566945.0,139111.0,278187.0,103456.0,1222642.0,381723.0,13232.0,256955.0,141795.0,60459.0,188977.0,305542.0,201693.0,,31929.0,1150847.0,138776.0,505319.0,43126.0,214701.0,59147.0,425341.0,67705.0,361368.0,124401.0,132123.0,530521.0,165824.0,153914.0,573212.0,363928.0,252733.0,124303.0,157003.0,417657.0,381859.0,224177.0,169245.0,181398.0,70083.0,425008.0,620613.0,184463.0,116337.0,242554.0,294196.0,248681.0,243710.0,334843.0,30828.0,47578.0,136039.0,107521.0,179863.0,164505.0,205197.0,70809.0,8599.0,583460.0,245013.0,674309.0,16255.0,48141.0,98814.0,165699.0,241672.0,457276.0,131978.0,363786.0,256183.0,61472.0,416799.0,184424.0,355379.0,109035.0,876445.0,347069.0,260400.0,147254.0,99888.0,917394.0,147209.0,1030862.0,61785.0,320929.0,275698.0,295119.0,437460.0,111705.0,219964.0,206024.0,435773.0,24101.0,135770.0,115761.0,636128.0,312317.0,601894.0,277182.0,215780.0,85799.0,480437.0,53934.0,199023.0,223492.0,331264.0,168365.0,26021.0,11693.0,56122.0
2023-10-01,149108.0,59199.0,274837.0,543814.0,377760.0,348639.0,254439.0,400530.0,395160.0,490219.0,43844.0,187911.0,111195.0,171523.0,141077.0,141952.0,265581.0,113737.0,25586.0,99988.0,179885.0,72669.0,346903.0,39347.0,138762.0,4109.0,1523758.0,256285.0,56545.0,46733.0,666072.0,633282.0,156646.0,311653.0,117342.0,1399463.0,426080.0,13639.0,281509.0,158775.0,64846.0,209785.0,351788.0,228843.0,,34936.0,1375897.0,174362.0,571064.0,66894.0,229986.0,71247.0,456703.0,74164.0,415762.0,139152.0,158308.0,597058.0,183802.0,173503.0,670480.0,416755.0,272063.0,148838.0,170387.0,456509.0,439989.0,247004.0,181886.0,209188.0,79686.0,480793.0,661749.0,212971.0,130148.0,267923.0,327253.0,282438.0,271040.0,386787.0,37710.0,53013.0,144388.0,123488.0,204175.0,233244.0,228237.0,79150.0,9949.0,689388.0,301357.0,758998.0,18497.0,51937.0,117323.0,181192.0,276565.0,516130.0,152688.0,406540.0,261072.0,66759.0,449717.0,206954.0,401652.0,120297.0,1000692.0,389467.0,296125.0,162304.0,107683.0,1010690.0,169570.0,1141386.0,71732.0,354111.0,299249.0,319736.0,483729.0,122472.0,254579.0,229144.0,471567.0,27159.0,155293.0,128824.0,740764.0,350338.0,686755.0,321906.0,232004.0,107047.0,553069.0,58638.0,222371.0,247548.0,363682.0,207617.0,27293.0,13992.0,69206.0
2023-11-01,141540.0,54231.0,271786.0,516726.0,376281.0,352683.0,257227.0,393644.0,390199.0,431008.0,43809.0,189696.0,110591.0,171202.0,139276.0,142374.0,267663.0,114088.0,25597.0,105064.0,179534.0,76901.0,341105.0,37253.0,133050.0,4219.0,1514026.0,228248.0,56505.0,47507.0,653321.0,620642.0,156151.0,311517.0,114774.0,1382657.0,382091.0,13396.0,277647.0,159635.0,64571.0,207528.0,357575.0,230460.0,,35081.0,1257743.0,166879.0,575973.0,64087.0,228787.0,70580.0,462010.0,71928.0,406093.0,140880.0,158701.0,611936.0,189595.0,180075.0,674817.0,418466.0,275545.0,152308.0,169699.0,436271.0,432593.0,246470.0,180276.0,200801.0,80039.0,445994.0,611008.0,210847.0,130875.0,273093.0,328188.0,273020.0,270916.0,388258.0,47969.0,53849.0,144472.0,119007.0,196725.0,219637.0,229225.0,78809.0,10264.0,679971.0,290105.0,735763.0,18996.0,49865.0,113790.0,179113.0,282279.0,516095.0,149729.0,393542.0,265219.0,61197.0,445740.0,211022.0,405029.0,119445.0,1009852.0,386827.0,297741.0,162675.0,106547.0,963680.0,168728.0,1067608.0,71709.0,377880.0,298330.0,322095.0,477831.0,120171.0,254406.0,230667.0,466771.0,27248.0,156094.0,127772.0,746910.0,348108.0,707208.0,326965.0,218019.0,106707.0,549962.0,58584.0,225871.0,249385.0,360092.0,212423.0,27702.0,14553.0,70808.0
