Data_Referencia,Codi_Districte,Nom_Districte,Codi_Barri,Nom_Barri,AEB,Seccio_Censal,Valor
2025-01-01,1,Ciutat Vella,1,el Raval,1,1001,1419
2025-01-01,1,Ciutat Vella,1,el Raval,1,1002,1345
2025-01-01,1,Ciutat Vella,1,el Raval,2,1003,3710
2025-01-01,1,Ciutat Vella,1,el Raval,2,1004,3092
2025-01-01,1,Ciutat Vella,1,el Raval,3,1005,2443
2025-01-01,1,Ciutat Vella,1,el Raval,3,1006,1802
2025-01-01,1,Ciutat Vella,1,el Raval,3,1007,2081
2025-01-01,1,Ciutat Vella,1,el Raval,4,1008,3362
2025-01-01,1,Ciutat Vella,1,el Raval,4,1009,2367
2025-01-01,1,Ciutat Vella,1,el Raval,4,1010,2670
2025-01-01,1,Ciutat Vella,1,el Raval,5,1011,3389
2025-01-01,1,Ciutat Vella,1,el Raval,5,1012,2065
2025-01-01,1,Ciutat Vella,1,el Raval,5,1013,1501
2025-01-01,1,Ciutat Vella,1,el Raval,6,1014,1897
2025-01-01,1,Ciutat Vella,1,el Raval,6,1015,2501
2025-01-01,1,Ciutat Vella,1,el Raval,6,1016,2183
2025-01-01,1,Ciutat Vella,1,el Raval,6,1017,2748
2025-01-01,1,Ciutat Vella,1,el Raval,7,1018,1679
2025-01-01,1,Ciutat Vella,1,el Raval,7,1019,3028
2025-01-01,1,Ciutat Vella,1,el Raval,7,1020,2362
2025-01-01,1,Ciutat Vella,1,el Raval,8,1021,2273
2025-01-01,1,Ciutat Vella,2,el Barri Gòtic,9,1022,1712
2025-01-01,1,Ciutat Vella,2,el Barri Gòtic,9,1023,2133
2025-01-01,1,Ciutat Vella,2,el Barri Gòtic,10,1025,1463
2025-01-01,1,Ciutat Vella,2,el Barri Gòtic,10,1026,12817
2025-01-01,1,Ciutat Vella,2,el Barri Gòtic,10,1027,1603
2025-01-01,1,Ciutat Vella,2,el Barri Gòtic,11,1028,2095
2025-01-01,1,Ciutat Vella,2,el Barri Gòtic,11,1029,1552
2025-01-01,1,Ciutat Vella,2,el Barri Gòtic,12,1030,2611
2025-01-01,1,Ciutat Vella,2,el Barri Gòtic,12,1031,1892
2025-01-01,1,Ciutat Vella,3,la Barceloneta,13,1032,1740
2025-01-01,1,Ciutat Vella,3,la Barceloneta,13,1033,1130
2025-01-01,1,Ciutat Vella,3,la Barceloneta,13,1034,1011
2025-01-01,1,Ciutat Vella,3,la Barceloneta,14,1035,1170
2025-01-01,1,Ciutat Vella,3,la Barceloneta,14,1036,1201
2025-01-01,1,Ciutat Vella,3,la Barceloneta,15,1037,1290
2025-01-01,1,Ciutat Vella,3,la Barceloneta,15,1038,1472
2025-01-01,1,Ciutat Vella,3,la Barceloneta,15,1039,1327
2025-01-01,1,Ciutat Vella,3,la Barceloneta,15,1040,1101
2025-01-01,1,Ciutat Vella,3,la Barceloneta,15,1041,1510
2025-01-01,1,Ciutat Vella,3,la Barceloneta,15,1042,1797
2025-01-01,1,Ciutat Vella,4,"Sant Pere, Santa Caterina i la Ribera",16,1043,1683
2025-01-01,1,Ciutat Vella,4,"Sant Pere, Santa Caterina i la Ribera",16,1044,1461
2025-01-01,1,Ciutat Vella,4,"Sant Pere, Santa Caterina i la Ribera",16,1045,2021
2025-01-01,1,Ciutat Vella,4,"Sant Pere, Santa Caterina i la Ribera",16,1046,1875
2025-01-01,1,Ciutat Vella,4,"Sant Pere, Santa Caterina i la Ribera",17,1047,1767
2025-01-01,1,Ciutat Vella,4,"Sant Pere, Santa Caterina i la Ribera",17,1048,2150
2025-01-01,1,Ciutat Vella,4,"Sant Pere, Santa Caterina i la Ribera",17,1049,1519
2025-01-01,1,Ciutat Vella,4,"Sant Pere, Santa Caterina i la Ribera",18,1050,1612
2025-01-01,1,Ciutat Vella,4,"Sant Pere, Santa Caterina i la Ribera",18,1051,1825
2025-01-01,1,Ciutat Vella,4,"Sant Pere, Santa Caterina i la Ribera",18,1052,2407
2025-01-01,1,Ciutat Vella,4,"Sant Pere, Santa Caterina i la Ribera",19,1053,1887
2025-01-01,1,Ciutat Vella,4,"Sant Pere, Santa Caterina i la Ribera",19,1054,1235
2025-01-01,1,Ciutat Vella,4,"Sant Pere, Santa Caterina i la Ribera",19,1055,1325
2025-01-01,2,Eixample,5,el Fort Pienc,20,2001,1367
2025-01-01,2,Eixample,5,el Fort Pienc,20,2002,5696
2025-01-01,2,Eixample,5,el Fort Pienc,20,2003,1175
2025-01-01,2,Eixample,5,el Fort Pienc,20,2004,1493
2025-01-01,2,Eixample,5,el Fort Pienc,20,2005,2410
2025-01-01,2,Eixample,5,el Fort Pienc,20,2006,1681
2025-01-01,2,Eixample,5,el Fort Pienc,20,2007,1381
2025-01-01,2,Eixample,5,el Fort Pienc,20,2008,1925
2025-01-01,2,Eixample,5,el Fort Pienc,20,2009,1778
2025-01-01,2,Eixample,5,el Fort Pienc,21,2010,1225
2025-01-01,2,Eixample,5,el Fort Pienc,21,2011,1135
2025-01-01,2,Eixample,5,el Fort Pienc,21,2012,1612
2025-01-01,2,Eixample,5,el Fort Pienc,21,2013,1166
2025-01-01,2,Eixample,5,el Fort Pienc,22,2014,1409
2025-01-01,2,Eixample,5,el Fort Pienc,22,2015,1681
2025-01-01,2,Eixample,5,el Fort Pienc,22,2016,1918
2025-01-01,2,Eixample,5,el Fort Pienc,22,2017,2007
2025-01-01,2,Eixample,5,el Fort Pienc,22,2018,1889
2025-01-01,2,Eixample,5,el Fort Pienc,22,2019,1998
2025-01-01,2,Eixample,5,el Fort Pienc,22,2020,1675
2025-01-01,2,Eixample,6,la Sagrada Família,23,2021,1482
2025-01-01,2,Eixample,6,la Sagrada Família,23,2022,1341
2025-01-01,2,Eixample,6,la Sagrada Família,23,2023,1045
2025-01-01,2,Eixample,6,la Sagrada Família,23,2024,1179
2025-01-01,2,Eixample,6,la Sagrada Família,24,2025,1244
2025-01-01,2,Eixample,6,la Sagrada Família,24,2026,2118
2025-01-01,2,Eixample,6,la Sagrada Família,24,2027,2141
2025-01-01,2,Eixample,6,la Sagrada Família,24,2028,2072
2025-01-01,2,Eixample,6,la Sagrada Família,24,2029,1262
2025-01-01,2,Eixample,6,la Sagrada Família,24,2030,1478
2025-01-01,2,Eixample,6,la Sagrada Família,24,2031,1035
2025-01-01,2,Eixample,6,la Sagrada Família,24,2032,1227
2025-01-01,2,Eixample,6,la Sagrada Família,25,2033,1227
2025-01-01,2,Eixample,6,la Sagrada Família,25,2034,1218
2025-01-01,2,Eixample,6,la Sagrada Família,25,2035,1371
2025-01-01,2,Eixample,6,la Sagrada Família,25,2036,1199
2025-01-01,2,Eixample,6,la Sagrada Família,25,2037,1183
2025-01-01,2,Eixample,6,la Sagrada Família,25,2038,1529
2025-01-01,2,Eixample,6,la Sagrada Família,25,2039,1861
2025-01-01,2,Eixample,6,la Sagrada Família,25,2040,1797
2025-01-01,2,Eixample,6,la Sagrada Família,26,2041,1706
2025-01-01,2,Eixample,6,la Sagrada Família,26,2042,1717
2025-01-01,2,Eixample,6,la Sagrada Família,26,2043,1522
2025-01-01,2,Eixample,6,la Sagrada Família,26,2044,1347
2025-01-01,2,Eixample,6,la Sagrada Família,26,2045,1165
2025-01-01,2,Eixample,6,la Sagrada Família,26,2046,2015
2025-01-01,2,Eixample,6,la Sagrada Família,26,2047,1978
2025-01-01,2,Eixample,6,la Sagrada Família,26,2048,1367
2025-01-01,2,Eixample,6,la Sagrada Família,27,2049,2173
2025-01-01,2,Eixample,6,la Sagrada Família,27,2050,1718
2025-01-01,2,Eixample,6,la Sagrada Família,27,2051,1951
2025-01-01,2,Eixample,6,la Sagrada Família,27,2052,1904
2025-01-01,2,Eixample,6,la Sagrada Família,27,2053,1962
2025-01-01,2,Eixample,6,la Sagrada Família,27,2054,2021
2025-01-01,2,Eixample,7,la Dreta de l'Eixample,28,2055,1870
2025-01-01,2,Eixample,7,la Dreta de l'Eixample,28,2056,1597
2025-01-01,2,Eixample,7,la Dreta de l'Eixample,28,2057,1252
2025-01-01,2,Eixample,7,la Dreta de l'Eixample,28,2058,1469
2025-01-01,2,Eixample,7,la Dreta de l'Eixample,28,2059,1729
2025-01-01,2,Eixample,7,la Dreta de l'Eixample,28,2060,1727
2025-01-01,2,Eixample,7,la Dreta de l'Eixample,29,2061,1432
2025-01-01,2,Eixample,7,la Dreta de l'Eixample,29,2062,1657
2025-01-01,2,Eixample,7,la Dreta de l'Eixample,29,2063,1201
2025-01-01,2,Eixample,7,la Dreta de l'Eixample,29,2064,1376
2025-01-01,2,Eixample,7,la Dreta de l'Eixample,29,2065,1900
2025-01-01,2,Eixample,7,la Dreta de l'Eixample,30,2066,1809
2025-01-01,2,Eixample,7,la Dreta de l'Eixample,30,2067,1723
2025-01-01,2,Eixample,7,la Dreta de l'Eixample,30,2068,1711
2025-01-01,2,Eixample,7,la Dreta de l'Eixample,30,2069,1410
2025-01-01,2,Eixample,7,la Dreta de l'Eixample,31,2070,1320
2025-01-01,2,Eixample,7,la Dreta de l'Eixample,31,2071,1687
2025-01-01,2,Eixample,7,la Dreta de l'Eixample,31,2072,1278
2025-01-01,2,Eixample,7,la Dreta de l'Eixample,32,2073,1780
2025-01-01,2,Eixample,7,la Dreta de l'Eixample,32,2074,1284
2025-01-01,2,Eixample,7,la Dreta de l'Eixample,32,2075,1248
2025-01-01,2,Eixample,7,la Dreta de l'Eixample,32,2076,1644
2025-01-01,2,Eixample,7,la Dreta de l'Eixample,33,2077,1897
2025-01-01,2,Eixample,7,la Dreta de l'Eixample,34,2078,1427
2025-01-01,2,Eixample,7,la Dreta de l'Eixample,34,2079,1472
2025-01-01,2,Eixample,7,la Dreta de l'Eixample,35,2080,1598
2025-01-01,2,Eixample,7,la Dreta de l'Eixample,35,2081,2172
2025-01-01,2,Eixample,7,la Dreta de l'Eixample,36,2082,997
2025-01-01,2,Eixample,7,la Dreta de l'Eixample,36,2083,2000
2025-01-01,2,Eixample,8,l'Antiga Esquerra de l'Eixample,37,2084,2084
2025-01-01,2,Eixample,8,l'Antiga Esquerra de l'Eixample,37,2085,1495
2025-01-01,2,Eixample,8,l'Antiga Esquerra de l'Eixample,37,2086,1436
2025-01-01,2,Eixample,8,l'Antiga Esquerra de l'Eixample,37,2087,1446
2025-01-01,2,Eixample,8,l'Antiga Esquerra de l'Eixample,38,2088,1747
2025-01-01,2,Eixample,8,l'Antiga Esquerra de l'Eixample,38,2089,1872
2025-01-01,2,Eixample,8,l'Antiga Esquerra de l'Eixample,38,2090,1851
2025-01-01,2,Eixample,8,l'Antiga Esquerra de l'Eixample,39,2091,2497
2025-01-01,2,Eixample,8,l'Antiga Esquerra de l'Eixample,39,2092,1810
2025-01-01,2,Eixample,8,l'Antiga Esquerra de l'Eixample,40,2093,1742
2025-01-01,2,Eixample,8,l'Antiga Esquerra de l'Eixample,40,2094,1532
2025-01-01,2,Eixample,8,l'Antiga Esquerra de l'Eixample,40,2095,1571
2025-01-01,2,Eixample,8,l'Antiga Esquerra de l'Eixample,40,2096,1437
2025-01-01,2,Eixample,8,l'Antiga Esquerra de l'Eixample,40,2097,1171
2025-01-01,2,Eixample,8,l'Antiga Esquerra de l'Eixample,41,2098,1540
2025-01-01,2,Eixample,8,l'Antiga Esquerra de l'Eixample,41,2099,1564
2025-01-01,2,Eixample,8,l'Antiga Esquerra de l'Eixample,41,2100,1393
2025-01-01,2,Eixample,8,l'Antiga Esquerra de l'Eixample,41,2101,2279
2025-01-01,2,Eixample,8,l'Antiga Esquerra de l'Eixample,42,2102,1428
2025-01-01,2,Eixample,8,l'Antiga Esquerra de l'Eixample,42,2103,1710
2025-01-01,2,Eixample,8,l'Antiga Esquerra de l'Eixample,42,2104,1161
2025-01-01,2,Eixample,8,l'Antiga Esquerra de l'Eixample,42,2105,2245
2025-01-01,2,Eixample,8,l'Antiga Esquerra de l'Eixample,43,2106,1495
2025-01-01,2,Eixample,8,l'Antiga Esquerra de l'Eixample,43,2107,1632
2025-01-01,2,Eixample,8,l'Antiga Esquerra de l'Eixample,43,2108,1639
2025-01-01,2,Eixample,8,l'Antiga Esquerra de l'Eixample,43,2109,2244
2025-01-01,2,Eixample,9,la Nova Esquerra de l'Eixample,44,2110,1965
2025-01-01,2,Eixample,9,la Nova Esquerra de l'Eixample,44,2111,1974
2025-01-01,2,Eixample,9,la Nova Esquerra de l'Eixample,44,2112,1301
2025-01-01,2,Eixample,9,la Nova Esquerra de l'Eixample,44,2113,2271
2025-01-01,2,Eixample,9,la Nova Esquerra de l'Eixample,44,2114,1683
2025-01-01,2,Eixample,9,la Nova Esquerra de l'Eixample,45,2115,1427
2025-01-01,2,Eixample,9,la Nova Esquerra de l'Eixample,45,2116,995
2025-01-01,2,Eixample,9,la Nova Esquerra de l'Eixample,45,2117,1265
2025-01-01,2,Eixample,9,la Nova Esquerra de l'Eixample,45,2118,1470
2025-01-01,2,Eixample,9,la Nova Esquerra de l'Eixample,45,2119,1293
2025-01-01,2,Eixample,9,la Nova Esquerra de l'Eixample,45,2120,1156
2025-01-01,2,Eixample,9,la Nova Esquerra de l'Eixample,45,2121,1283
2025-01-01,2,Eixample,9,la Nova Esquerra de l'Eixample,45,2122,1104
2025-01-01,2,Eixample,9,la Nova Esquerra de l'Eixample,45,2123,1148
2025-01-01,2,Eixample,9,la Nova Esquerra de l'Eixample,46,2124,1144
2025-01-01,2,Eixample,9,la Nova Esquerra de l'Eixample,46,2125,1691
2025-01-01,2,Eixample,9,la Nova Esquerra de l'Eixample,46,2126,1446
2025-01-01,2,Eixample,9,la Nova Esquerra de l'Eixample,46,2127,1270
2025-01-01,2,Eixample,9,la Nova Esquerra de l'Eixample,46,2128,1348
2025-01-01,2,Eixample,9,la Nova Esquerra de l'Eixample,46,2129,1576
2025-01-01,2,Eixample,9,la Nova Esquerra de l'Eixample,47,2130,1086
2025-01-01,2,Eixample,9,la Nova Esquerra de l'Eixample,47,2131,1150
2025-01-01,2,Eixample,9,la Nova Esquerra de l'Eixample,47,2132,1050
2025-01-01,2,Eixample,9,la Nova Esquerra de l'Eixample,47,2133,875
2025-01-01,2,Eixample,9,la Nova Esquerra de l'Eixample,47,2134,1494
2025-01-01,2,Eixample,9,la Nova Esquerra de l'Eixample,47,2135,2129
2025-01-01,2,Eixample,9,la Nova Esquerra de l'Eixample,47,2136,910
2025-01-01,2,Eixample,9,la Nova Esquerra de l'Eixample,48,2137,1484
2025-01-01,2,Eixample,9,la Nova Esquerra de l'Eixample,48,2138,1936
2025-01-01,2,Eixample,9,la Nova Esquerra de l'Eixample,48,2139,1763
2025-01-01,2,Eixample,9,la Nova Esquerra de l'Eixample,48,2140,1905
2025-01-01,2,Eixample,9,la Nova Esquerra de l'Eixample,48,2141,1249
2025-01-01,2,Eixample,9,la Nova Esquerra de l'Eixample,49,2142,2001
2025-01-01,2,Eixample,9,la Nova Esquerra de l'Eixample,49,2143,1573
2025-01-01,2,Eixample,9,la Nova Esquerra de l'Eixample,49,2144,1565
2025-01-01,2,Eixample,9,la Nova Esquerra de l'Eixample,49,2145,1303
2025-01-01,2,Eixample,9,la Nova Esquerra de l'Eixample,50,2146,1239
2025-01-01,2,Eixample,9,la Nova Esquerra de l'Eixample,50,2147,2137
2025-01-01,2,Eixample,9,la Nova Esquerra de l'Eixample,50,2148,1584
2025-01-01,2,Eixample,9,la Nova Esquerra de l'Eixample,50,2149,1879
2025-01-01,2,Eixample,10,Sant Antoni,51,2150,1574
2025-01-01,2,Eixample,10,Sant Antoni,51,2151,1544
2025-01-01,2,Eixample,10,Sant Antoni,51,2152,1249
2025-01-01,2,Eixample,10,Sant Antoni,51,2153,1378
2025-01-01,2,Eixample,10,Sant Antoni,51,2154,1032
2025-01-01,2,Eixample,10,Sant Antoni,51,2155,1867
2025-01-01,2,Eixample,10,Sant Antoni,51,2156,1356
2025-01-01,2,Eixample,10,Sant Antoni,51,2157,1295
2025-01-01,2,Eixample,10,Sant Antoni,52,2158,1722
2025-01-01,2,Eixample,10,Sant Antoni,52,2159,2000
2025-01-01,2,Eixample,10,Sant Antoni,52,2160,2051
2025-01-01,2,Eixample,10,Sant Antoni,52,2161,1130
2025-01-01,2,Eixample,10,Sant Antoni,52,2162,1443
2025-01-01,2,Eixample,10,Sant Antoni,53,2163,1848
2025-01-01,2,Eixample,10,Sant Antoni,53,2164,1625
2025-01-01,2,Eixample,10,Sant Antoni,53,2165,1706
2025-01-01,2,Eixample,10,Sant Antoni,54,2166,2098
2025-01-01,2,Eixample,10,Sant Antoni,54,2167,2282
2025-01-01,2,Eixample,10,Sant Antoni,54,2168,2303
2025-01-01,2,Eixample,10,Sant Antoni,55,2169,1515
2025-01-01,2,Eixample,10,Sant Antoni,55,2170,1522
2025-01-01,2,Eixample,10,Sant Antoni,55,2171,1657
2025-01-01,2,Eixample,10,Sant Antoni,55,2172,1496
2025-01-01,2,Eixample,10,Sant Antoni,55,2173,1530
2025-01-01,3,Sants-Montjuïc,11,el Poble-sec,56,3001,1731
2025-01-01,3,Sants-Montjuïc,11,el Poble-sec,56,3002,1921
2025-01-01,3,Sants-Montjuïc,11,el Poble-sec,56,3003,1705
2025-01-01,3,Sants-Montjuïc,11,el Poble-sec,56,3004,1563
2025-01-01,3,Sants-Montjuïc,11,el Poble-sec,56,3005,1209
2025-01-01,3,Sants-Montjuïc,11,el Poble-sec,56,3006,1430
2025-01-01,3,Sants-Montjuïc,11,el Poble-sec,56,3007,1722
2025-01-01,3,Sants-Montjuïc,11,el Poble-sec,56,3008,1198
2025-01-01,3,Sants-Montjuïc,11,el Poble-sec,56,3009,1274
2025-01-01,3,Sants-Montjuïc,11,el Poble-sec,57,3010,1916
2025-01-01,3,Sants-Montjuïc,11,el Poble-sec,57,3011,1811
2025-01-01,3,Sants-Montjuïc,11,el Poble-sec,57,3012,2192
2025-01-01,3,Sants-Montjuïc,11,el Poble-sec,57,3013,1821
2025-01-01,3,Sants-Montjuïc,11,el Poble-sec,57,3014,1789
2025-01-01,3,Sants-Montjuïc,11,el Poble-sec,57,3015,3149
2025-01-01,3,Sants-Montjuïc,11,el Poble-sec,57,3016,1252
2025-01-01,3,Sants-Montjuïc,11,el Poble-sec,57,3017,1675
2025-01-01,3,Sants-Montjuïc,11,el Poble-sec,58,3018,1735
2025-01-01,3,Sants-Montjuïc,11,el Poble-sec,58,3019,1519
2025-01-01,3,Sants-Montjuïc,11,el Poble-sec,58,3020,1262
2025-01-01,3,Sants-Montjuïc,11,el Poble-sec,58,3021,1081
2025-01-01,3,Sants-Montjuïc,11,el Poble-sec,58,3022,1487
2025-01-01,3,Sants-Montjuïc,11,el Poble-sec,59,3023,1815
2025-01-01,3,Sants-Montjuïc,11,el Poble-sec,59,3024,2043
2025-01-01,3,Sants-Montjuïc,12,la Marina del Prat Vermell,60,3025,2876
2025-01-01,3,Sants-Montjuïc,13,la Marina de Port,61,3026,1014
2025-01-01,3,Sants-Montjuïc,13,la Marina de Port,61,3027,1746
2025-01-01,3,Sants-Montjuïc,13,la Marina de Port,61,3028,2721
2025-01-01,3,Sants-Montjuïc,13,la Marina de Port,61,3029,1324
2025-01-01,3,Sants-Montjuïc,13,la Marina de Port,61,3030,1623
2025-01-01,3,Sants-Montjuïc,13,la Marina de Port,62,3031,2416
2025-01-01,3,Sants-Montjuïc,13,la Marina de Port,62,3032,1814
2025-01-01,3,Sants-Montjuïc,13,la Marina de Port,62,3033,1570
2025-01-01,3,Sants-Montjuïc,13,la Marina de Port,62,3034,1543
2025-01-01,3,Sants-Montjuïc,13,la Marina de Port,62,3211,1528
2025-01-01,3,Sants-Montjuïc,13,la Marina de Port,63,3035,2293
2025-01-01,3,Sants-Montjuïc,13,la Marina de Port,63,3036,2433
2025-01-01,3,Sants-Montjuïc,13,la Marina de Port,63,3037,992
2025-01-01,3,Sants-Montjuïc,13,la Marina de Port,63,3212,2533
2025-01-01,3,Sants-Montjuïc,13,la Marina de Port,63,3213,2442
2025-01-01,3,Sants-Montjuïc,13,la Marina de Port,64,3038,976
2025-01-01,3,Sants-Montjuïc,13,la Marina de Port,64,3039,2679
2025-01-01,3,Sants-Montjuïc,14,la Font de la Guatlla,65,3040,1986
2025-01-01,3,Sants-Montjuïc,14,la Font de la Guatlla,65,3041,1402
2025-01-01,3,Sants-Montjuïc,14,la Font de la Guatlla,65,3042,1391
2025-01-01,3,Sants-Montjuïc,14,la Font de la Guatlla,65,3043,1637
2025-01-01,3,Sants-Montjuïc,14,la Font de la Guatlla,65,3044,1840
2025-01-01,3,Sants-Montjuïc,14,la Font de la Guatlla,65,3045,1121
2025-01-01,3,Sants-Montjuïc,14,la Font de la Guatlla,65,3046,1483
2025-01-01,3,Sants-Montjuïc,15,Hostafrancs,66,3047,1780
2025-01-01,3,Sants-Montjuïc,15,Hostafrancs,66,3048,1706
2025-01-01,3,Sants-Montjuïc,15,Hostafrancs,66,3049,1713
2025-01-01,3,Sants-Montjuïc,15,Hostafrancs,66,3050,1691
2025-01-01,3,Sants-Montjuïc,15,Hostafrancs,67,3051,1886
2025-01-01,3,Sants-Montjuïc,15,Hostafrancs,67,3052,1412
2025-01-01,3,Sants-Montjuïc,15,Hostafrancs,67,3053,2299
2025-01-01,3,Sants-Montjuïc,15,Hostafrancs,67,3054,1669
2025-01-01,3,Sants-Montjuïc,15,Hostafrancs,67,3055,1647
2025-01-01,3,Sants-Montjuïc,15,Hostafrancs,67,3056,995
2025-01-01,3,Sants-Montjuïc,16,la Bordeta,68,3057,1528
2025-01-01,3,Sants-Montjuïc,16,la Bordeta,68,3058,1858
2025-01-01,3,Sants-Montjuïc,16,la Bordeta,68,3059,1319
2025-01-01,3,Sants-Montjuïc,16,la Bordeta,68,3060,1414
2025-01-01,3,Sants-Montjuïc,16,la Bordeta,68,3061,1209
2025-01-01,3,Sants-Montjuïc,16,la Bordeta,69,3062,1718
2025-01-01,3,Sants-Montjuïc,16,la Bordeta,69,3063,2071
2025-01-01,3,Sants-Montjuïc,16,la Bordeta,69,3064,2210
2025-01-01,3,Sants-Montjuïc,16,la Bordeta,69,3065,1400
2025-01-01,3,Sants-Montjuïc,16,la Bordeta,69,3066,2374
2025-01-01,3,Sants-Montjuïc,16,la Bordeta,69,3067,1745
2025-01-01,3,Sants-Montjuïc,16,la Bordeta,69,3068,1188
2025-01-01,3,Sants-Montjuïc,16,la Bordeta,69,3069,1208
2025-01-01,3,Sants-Montjuïc,17,Sants - Badal,70,3070,1336
2025-01-01,3,Sants-Montjuïc,17,Sants - Badal,70,3071,1425
2025-01-01,3,Sants-Montjuïc,17,Sants - Badal,70,3072,1389
2025-01-01,3,Sants-Montjuïc,17,Sants - Badal,70,3073,1622
2025-01-01,3,Sants-Montjuïc,17,Sants - Badal,70,3074,1841
2025-01-01,3,Sants-Montjuïc,17,Sants - Badal,70,3075,1809
2025-01-01,3,Sants-Montjuïc,17,Sants - Badal,70,3076,1077
2025-01-01,3,Sants-Montjuïc,17,Sants - Badal,70,3077,1439
2025-01-01,3,Sants-Montjuïc,17,Sants - Badal,70,3078,1818
2025-01-01,3,Sants-Montjuïc,17,Sants - Badal,70,3079,1850
2025-01-01,3,Sants-Montjuïc,17,Sants - Badal,70,3080,1593
2025-01-01,3,Sants-Montjuïc,17,Sants - Badal,71,3081,2072
2025-01-01,3,Sants-Montjuïc,17,Sants - Badal,71,3082,1896
2025-01-01,3,Sants-Montjuïc,17,Sants - Badal,71,3083,1384
2025-01-01,3,Sants-Montjuïc,17,Sants - Badal,71,3084,1459
2025-01-01,3,Sants-Montjuïc,17,Sants - Badal,71,3085,1328
2025-01-01,3,Sants-Montjuïc,18,Sants,72,3086,1280
2025-01-01,3,Sants-Montjuïc,18,Sants,72,3087,1505
2025-01-01,3,Sants-Montjuïc,18,Sants,72,3088,1386
2025-01-01,3,Sants-Montjuïc,18,Sants,72,3089,1212
2025-01-01,3,Sants-Montjuïc,18,Sants,72,3090,1018
2025-01-01,3,Sants-Montjuïc,18,Sants,72,3091,1484
2025-01-01,3,Sants-Montjuïc,18,Sants,72,3092,1236
2025-01-01,3,Sants-Montjuïc,18,Sants,72,3093,1460
2025-01-01,3,Sants-Montjuïc,18,Sants,72,3094,1239
2025-01-01,3,Sants-Montjuïc,18,Sants,73,3095,1639
2025-01-01,3,Sants-Montjuïc,18,Sants,73,3096,1618
2025-01-01,3,Sants-Montjuïc,18,Sants,73,3097,1677
2025-01-01,3,Sants-Montjuïc,18,Sants,73,3098,1603
2025-01-01,3,Sants-Montjuïc,18,Sants,73,3099,1075
2025-01-01,3,Sants-Montjuïc,18,Sants,73,3100,1317
2025-01-01,3,Sants-Montjuïc,18,Sants,74,3101,7144
2025-01-01,3,Sants-Montjuïc,18,Sants,74,3102,1383
2025-01-01,3,Sants-Montjuïc,18,Sants,74,3103,1145
2025-01-01,3,Sants-Montjuïc,18,Sants,74,3104,1498
2025-01-01,3,Sants-Montjuïc,18,Sants,75,3105,1255
2025-01-01,3,Sants-Montjuïc,18,Sants,75,3106,1334
2025-01-01,3,Sants-Montjuïc,18,Sants,76,3107,1816
2025-01-01,3,Sants-Montjuïc,18,Sants,76,3108,1622
2025-01-01,3,Sants-Montjuïc,18,Sants,76,3109,1552
2025-01-01,3,Sants-Montjuïc,18,Sants,76,3110,1487
2025-01-01,3,Sants-Montjuïc,18,Sants,76,3111,1319
2025-01-01,3,Sants-Montjuïc,18,Sants,76,3112,1905
2025-01-01,3,Sants-Montjuïc,18,Sants,76,3113,1556
2025-01-01,3,Sants-Montjuïc,18,Sants,76,3114,1474
2025-01-01,4,Les Corts,19,les Corts,77,4001,1287
2025-01-01,4,Les Corts,19,les Corts,77,4002,1938
2025-01-01,4,Les Corts,19,les Corts,77,4003,1069
2025-01-01,4,Les Corts,19,les Corts,77,4004,1055
2025-01-01,4,Les Corts,19,les Corts,77,4005,1231
2025-01-01,4,Les Corts,19,les Corts,77,4006,1194
2025-01-01,4,Les Corts,19,les Corts,77,4007,1104
2025-01-01,4,Les Corts,19,les Corts,77,4008,1048
2025-01-01,4,Les Corts,19,les Corts,77,4009,1457
2025-01-01,4,Les Corts,19,les Corts,78,4010,885
2025-01-01,4,Les Corts,19,les Corts,78,4011,1752
2025-01-01,4,Les Corts,19,les Corts,78,4012,1320
2025-01-01,4,Les Corts,19,les Corts,78,4013,1182
2025-01-01,4,Les Corts,19,les Corts,78,4014,784
2025-01-01,4,Les Corts,19,les Corts,78,4015,1915
2025-01-01,4,Les Corts,19,les Corts,78,4016,1088
2025-01-01,4,Les Corts,19,les Corts,79,4017,1177
2025-01-01,4,Les Corts,19,les Corts,79,4018,1546
2025-01-01,4,Les Corts,19,les Corts,79,4019,1457
2025-01-01,4,Les Corts,19,les Corts,79,4020,1435
2025-01-01,4,Les Corts,19,les Corts,79,4021,1334
2025-01-01,4,Les Corts,19,les Corts,80,4022,1674
2025-01-01,4,Les Corts,19,les Corts,81,4023,1049
2025-01-01,4,Les Corts,19,les Corts,81,4024,1011
2025-01-01,4,Les Corts,19,les Corts,82,4025,1166
2025-01-01,4,Les Corts,19,les Corts,82,4026,1240
2025-01-01,4,Les Corts,19,les Corts,82,4027,1433
2025-01-01,4,Les Corts,19,les Corts,83,4028,1336
2025-01-01,4,Les Corts,19,les Corts,83,4029,1130
2025-01-01,4,Les Corts,19,les Corts,83,4030,1797
2025-01-01,4,Les Corts,19,les Corts,84,4031,2386
2025-01-01,4,Les Corts,19,les Corts,84,4032,1597
2025-01-01,4,Les Corts,19,les Corts,84,4033,1191
2025-01-01,4,Les Corts,19,les Corts,84,4034,1411
2025-01-01,4,Les Corts,19,les Corts,84,4035,1378
2025-01-01,4,Les Corts,20,la Maternitat i Sant Ramon,85,4036,1836
2025-01-01,4,Les Corts,20,la Maternitat i Sant Ramon,85,4037,2263
2025-01-01,4,Les Corts,20,la Maternitat i Sant Ramon,85,4038,1190
2025-01-01,4,Les Corts,20,la Maternitat i Sant Ramon,85,4039,1220
2025-01-01,4,Les Corts,20,la Maternitat i Sant Ramon,85,4040,1682
2025-01-01,4,Les Corts,20,la Maternitat i Sant Ramon,85,4041,1354
2025-01-01,4,Les Corts,20,la Maternitat i Sant Ramon,85,4042,1773
2025-01-01,4,Les Corts,20,la Maternitat i Sant Ramon,86,4043,1622
2025-01-01,4,Les Corts,20,la Maternitat i Sant Ramon,86,4044,1654
2025-01-01,4,Les Corts,20,la Maternitat i Sant Ramon,86,4045,1385
2025-01-01,4,Les Corts,20,la Maternitat i Sant Ramon,86,4046,2401
2025-01-01,4,Les Corts,20,la Maternitat i Sant Ramon,86,4047,1939
2025-01-01,4,Les Corts,20,la Maternitat i Sant Ramon,87,4048,1550
2025-01-01,4,Les Corts,20,la Maternitat i Sant Ramon,87,4049,1386
2025-01-01,4,Les Corts,20,la Maternitat i Sant Ramon,87,4084,1432
2025-01-01,4,Les Corts,21,Pedralbes,88,4050,2113
2025-01-01,4,Les Corts,21,Pedralbes,88,4051,1737
2025-01-01,4,Les Corts,21,Pedralbes,88,4052,2254
2025-01-01,4,Les Corts,21,Pedralbes,89,4053,1798
2025-01-01,4,Les Corts,21,Pedralbes,89,4054,1110
2025-01-01,4,Les Corts,21,Pedralbes,90,4055,1655
2025-01-01,4,Les Corts,21,Pedralbes,90,4056,1982
2025-01-01,5,Sarrià-Sant Gervasi,22,"Vallvidrera, el Tibidabo i les Planes",91,5001,1933
2025-01-01,5,Sarrià-Sant Gervasi,22,"Vallvidrera, el Tibidabo i les Planes",92,5002,1674
2025-01-01,5,Sarrià-Sant Gervasi,22,"Vallvidrera, el Tibidabo i les Planes",92,5003,1355
2025-01-01,5,Sarrià-Sant Gervasi,23,Sarrià,93,5004,1045
2025-01-01,5,Sarrià-Sant Gervasi,23,Sarrià,93,5005,1266
2025-01-01,5,Sarrià-Sant Gervasi,23,Sarrià,94,5006,1836
2025-01-01,5,Sarrià-Sant Gervasi,23,Sarrià,95,5007,2016
2025-01-01,5,Sarrià-Sant Gervasi,23,Sarrià,95,5008,1733
2025-01-01,5,Sarrià-Sant Gervasi,23,Sarrià,95,5009,1634
2025-01-01,5,Sarrià-Sant Gervasi,23,Sarrià,95,5010,1548
2025-01-01,5,Sarrià-Sant Gervasi,23,Sarrià,95,5011,1471
2025-01-01,5,Sarrià-Sant Gervasi,23,Sarrià,95,5012,1372
2025-01-01,5,Sarrià-Sant Gervasi,23,Sarrià,95,5013,1667
2025-01-01,5,Sarrià-Sant Gervasi,23,Sarrià,96,5014,1636
2025-01-01,5,Sarrià-Sant Gervasi,23,Sarrià,96,5015,1595
2025-01-01,5,Sarrià-Sant Gervasi,23,Sarrià,96,5016,1922
2025-01-01,5,Sarrià-Sant Gervasi,23,Sarrià,96,5017,1557
2025-01-01,5,Sarrià-Sant Gervasi,23,Sarrià,96,5018,1322
2025-01-01,5,Sarrià-Sant Gervasi,23,Sarrià,96,5019,1662
2025-01-01,5,Sarrià-Sant Gervasi,24,les Tres Torres,97,5020,1103
2025-01-01,5,Sarrià-Sant Gervasi,24,les Tres Torres,97,5021,1337
2025-01-01,5,Sarrià-Sant Gervasi,24,les Tres Torres,98,5022,1694
2025-01-01,5,Sarrià-Sant Gervasi,24,les Tres Torres,98,5023,1499
2025-01-01,5,Sarrià-Sant Gervasi,24,les Tres Torres,98,5024,1946
2025-01-01,5,Sarrià-Sant Gervasi,24,les Tres Torres,99,5025,1269
2025-01-01,5,Sarrià-Sant Gervasi,24,les Tres Torres,99,5026,1404
2025-01-01,5,Sarrià-Sant Gervasi,24,les Tres Torres,99,5027,1343
2025-01-01,5,Sarrià-Sant Gervasi,24,les Tres Torres,99,5028,1691
2025-01-01,5,Sarrià-Sant Gervasi,24,les Tres Torres,99,5029,1668
2025-01-01,5,Sarrià-Sant Gervasi,24,les Tres Torres,99,5030,1422
2025-01-01,5,Sarrià-Sant Gervasi,25,Sant Gervasi - la Bonanova,100,5031,1583
2025-01-01,5,Sarrià-Sant Gervasi,25,Sant Gervasi - la Bonanova,100,5032,1875
2025-01-01,5,Sarrià-Sant Gervasi,25,Sant Gervasi - la Bonanova,101,5033,1467
2025-01-01,5,Sarrià-Sant Gervasi,25,Sant Gervasi - la Bonanova,101,5034,1222
2025-01-01,5,Sarrià-Sant Gervasi,25,Sant Gervasi - la Bonanova,102,5035,1131
2025-01-01,5,Sarrià-Sant Gervasi,25,Sant Gervasi - la Bonanova,102,5036,1831
2025-01-01,5,Sarrià-Sant Gervasi,25,Sant Gervasi - la Bonanova,102,5037,1459
2025-01-01,5,Sarrià-Sant Gervasi,25,Sant Gervasi - la Bonanova,102,5038,1466
2025-01-01,5,Sarrià-Sant Gervasi,25,Sant Gervasi - la Bonanova,102,5039,1567
2025-01-01,5,Sarrià-Sant Gervasi,25,Sant Gervasi - la Bonanova,102,5040,1465
2025-01-01,5,Sarrià-Sant Gervasi,25,Sant Gervasi - la Bonanova,102,5041,2242
2025-01-01,5,Sarrià-Sant Gervasi,25,Sant Gervasi - la Bonanova,103,5042,1357
2025-01-01,5,Sarrià-Sant Gervasi,25,Sant Gervasi - la Bonanova,103,5043,1513
2025-01-01,5,Sarrià-Sant Gervasi,25,Sant Gervasi - la Bonanova,103,5044,1346
2025-01-01,5,Sarrià-Sant Gervasi,25,Sant Gervasi - la Bonanova,103,5045,1645
2025-01-01,5,Sarrià-Sant Gervasi,25,Sant Gervasi - la Bonanova,103,5046,1137
2025-01-01,5,Sarrià-Sant Gervasi,25,Sant Gervasi - la Bonanova,103,5047,1236
2025-01-01,5,Sarrià-Sant Gervasi,25,Sant Gervasi - la Bonanova,103,5048,1294
2025-01-01,5,Sarrià-Sant Gervasi,26,Sant Gervasi - Galvany,104,5049,1737
2025-01-01,5,Sarrià-Sant Gervasi,26,Sant Gervasi - Galvany,104,5050,1749
2025-01-01,5,Sarrià-Sant Gervasi,26,Sant Gervasi - Galvany,104,5051,1663
2025-01-01,5,Sarrià-Sant Gervasi,26,Sant Gervasi - Galvany,104,5052,1419
2025-01-01,5,Sarrià-Sant Gervasi,26,Sant Gervasi - Galvany,105,5053,1503
2025-01-01,5,Sarrià-Sant Gervasi,26,Sant Gervasi - Galvany,105,5054,1032
2025-01-01,5,Sarrià-Sant Gervasi,26,Sant Gervasi - Galvany,105,5055,1409
2025-01-01,5,Sarrià-Sant Gervasi,26,Sant Gervasi - Galvany,106,5056,1196
2025-01-01,5,Sarrià-Sant Gervasi,26,Sant Gervasi - Galvany,106,5057,1685
2025-01-01,5,Sarrià-Sant Gervasi,26,Sant Gervasi - Galvany,106,5058,1553
2025-01-01,5,Sarrià-Sant Gervasi,26,Sant Gervasi - Galvany,106,5059,1598
2025-01-01,5,Sarrià-Sant Gervasi,26,Sant Gervasi - Galvany,106,5060,1163
2025-01-01,5,Sarrià-Sant Gervasi,26,Sant Gervasi - Galvany,107,5061,1511
2025-01-01,5,Sarrià-Sant Gervasi,26,Sant Gervasi - Galvany,107,5062,1680
2025-01-01,5,Sarrià-Sant Gervasi,26,Sant Gervasi - Galvany,107,5063,1597
2025-01-01,5,Sarrià-Sant Gervasi,26,Sant Gervasi - Galvany,107,5064,1771
2025-01-01,5,Sarrià-Sant Gervasi,26,Sant Gervasi - Galvany,107,5065,1779
2025-01-01,5,Sarrià-Sant Gervasi,26,Sant Gervasi - Galvany,108,5066,1389
2025-01-01,5,Sarrià-Sant Gervasi,26,Sant Gervasi - Galvany,108,5067,1429
2025-01-01,5,Sarrià-Sant Gervasi,26,Sant Gervasi - Galvany,108,5068,1704
2025-01-01,5,Sarrià-Sant Gervasi,26,Sant Gervasi - Galvany,108,5069,1775
2025-01-01,5,Sarrià-Sant Gervasi,26,Sant Gervasi - Galvany,109,5070,1503
2025-01-01,5,Sarrià-Sant Gervasi,26,Sant Gervasi - Galvany,109,5071,1995
2025-01-01,5,Sarrià-Sant Gervasi,26,Sant Gervasi - Galvany,109,5072,1743
2025-01-01,5,Sarrià-Sant Gervasi,26,Sant Gervasi - Galvany,109,5073,1626
2025-01-01,5,Sarrià-Sant Gervasi,26,Sant Gervasi - Galvany,109,5074,1709
2025-01-01,5,Sarrià-Sant Gervasi,26,Sant Gervasi - Galvany,110,5075,1906
2025-01-01,5,Sarrià-Sant Gervasi,26,Sant Gervasi - Galvany,110,5076,1512
2025-01-01,5,Sarrià-Sant Gervasi,26,Sant Gervasi - Galvany,110,5077,1634
2025-01-01,5,Sarrià-Sant Gervasi,26,Sant Gervasi - Galvany,110,5078,2111
2025-01-01,5,Sarrià-Sant Gervasi,26,Sant Gervasi - Galvany,110,5079,1380
2025-01-01,5,Sarrià-Sant Gervasi,27,el Putxet i el Farró,111,5080,1402
2025-01-01,5,Sarrià-Sant Gervasi,27,el Putxet i el Farró,111,5081,1629
2025-01-01,5,Sarrià-Sant Gervasi,27,el Putxet i el Farró,111,5082,1706
2025-01-01,5,Sarrià-Sant Gervasi,27,el Putxet i el Farró,111,5083,1278
2025-01-01,5,Sarrià-Sant Gervasi,27,el Putxet i el Farró,111,5084,1395
2025-01-01,5,Sarrià-Sant Gervasi,27,el Putxet i el Farró,111,5085,1335
2025-01-01,5,Sarrià-Sant Gervasi,27,el Putxet i el Farró,111,5086,1357
2025-01-01,5,Sarrià-Sant Gervasi,27,el Putxet i el Farró,111,5087,1669
2025-01-01,5,Sarrià-Sant Gervasi,27,el Putxet i el Farró,112,5088,1779
2025-01-01,5,Sarrià-Sant Gervasi,27,el Putxet i el Farró,112,5089,1849
2025-01-01,5,Sarrià-Sant Gervasi,27,el Putxet i el Farró,112,5090,1920
2025-01-01,5,Sarrià-Sant Gervasi,27,el Putxet i el Farró,112,5091,1557
2025-01-01,5,Sarrià-Sant Gervasi,27,el Putxet i el Farró,112,5092,1676
2025-01-01,5,Sarrià-Sant Gervasi,27,el Putxet i el Farró,113,5093,1235
2025-01-01,5,Sarrià-Sant Gervasi,27,el Putxet i el Farró,113,5094,2806
2025-01-01,5,Sarrià-Sant Gervasi,27,el Putxet i el Farró,113,5095,1740
2025-01-01,5,Sarrià-Sant Gervasi,27,el Putxet i el Farró,113,5096,1198
2025-01-01,5,Sarrià-Sant Gervasi,27,el Putxet i el Farró,113,5097,1709
2025-01-01,5,Sarrià-Sant Gervasi,27,el Putxet i el Farró,113,5098,1516
2025-01-01,6,Gràcia,28,Vallcarca i els Penitents,114,6001,1275
2025-01-01,6,Gràcia,28,Vallcarca i els Penitents,114,6002,1583
2025-01-01,6,Gràcia,28,Vallcarca i els Penitents,114,6003,2458
2025-01-01,6,Gràcia,28,Vallcarca i els Penitents,114,6004,1442
2025-01-01,6,Gràcia,28,Vallcarca i els Penitents,115,6006,1053
2025-01-01,6,Gràcia,28,Vallcarca i els Penitents,115,6007,2066
2025-01-01,6,Gràcia,28,Vallcarca i els Penitents,115,6008,2156
2025-01-01,6,Gràcia,28,Vallcarca i els Penitents,116,6009,1362
2025-01-01,6,Gràcia,28,Vallcarca i els Penitents,116,6010,1062
2025-01-01,6,Gràcia,28,Vallcarca i els Penitents,117,6011,1320
2025-01-01,6,Gràcia,28,Vallcarca i els Penitents,117,6012,1142
2025-01-01,6,Gràcia,29,el Coll,118,6013,1937
2025-01-01,6,Gràcia,29,el Coll,118,6014,1502
2025-01-01,6,Gràcia,29,el Coll,118,6015,1504
2025-01-01,6,Gràcia,29,el Coll,118,6016,1643
2025-01-01,6,Gràcia,29,el Coll,118,6017,1505
2025-01-01,6,Gràcia,30,la Salut,119,6018,1464
2025-01-01,6,Gràcia,30,la Salut,119,6019,1577
2025-01-01,6,Gràcia,30,la Salut,119,6020,1232
2025-01-01,6,Gràcia,30,la Salut,119,6021,1402
2025-01-01,6,Gràcia,30,la Salut,120,6022,1408
2025-01-01,6,Gràcia,30,la Salut,120,6023,1314
2025-01-01,6,Gràcia,30,la Salut,120,6024,1779
2025-01-01,6,Gràcia,30,la Salut,120,6025,1458
2025-01-01,6,Gràcia,30,la Salut,120,6026,1142
2025-01-01,6,Gràcia,30,la Salut,120,6027,1241
2025-01-01,6,Gràcia,31,la Vila de Gràcia,121,6028,1392
2025-01-01,6,Gràcia,31,la Vila de Gràcia,121,6029,1422
2025-01-01,6,Gràcia,31,la Vila de Gràcia,121,6030,1352
2025-01-01,6,Gràcia,31,la Vila de Gràcia,121,6031,1145
2025-01-01,6,Gràcia,31,la Vila de Gràcia,121,6032,1183
2025-01-01,6,Gràcia,31,la Vila de Gràcia,122,6033,1310
2025-01-01,6,Gràcia,31,la Vila de Gràcia,122,6034,1210
2025-01-01,6,Gràcia,31,la Vila de Gràcia,122,6035,1107
2025-01-01,6,Gràcia,31,la Vila de Gràcia,122,6036,1515
2025-01-01,6,Gràcia,31,la Vila de Gràcia,123,6037,1107
2025-01-01,6,Gràcia,31,la Vila de Gràcia,123,6038,1564
2025-01-01,6,Gràcia,31,la Vila de Gràcia,123,6039,1683
2025-01-01,6,Gràcia,31,la Vila de Gràcia,124,6040,1783
2025-01-01,6,Gràcia,31,la Vila de Gràcia,124,6041,1875
2025-01-01,6,Gràcia,31,la Vila de Gràcia,124,6042,1759
2025-01-01,6,Gràcia,31,la Vila de Gràcia,125,6043,1373
2025-01-01,6,Gràcia,31,la Vila de Gràcia,125,6044,1707
2025-01-01,6,Gràcia,31,la Vila de Gràcia,126,6045,1281
2025-01-01,6,Gràcia,31,la Vila de Gràcia,126,6046,1143
2025-01-01,6,Gràcia,31,la Vila de Gràcia,126,6047,1253
2025-01-01,6,Gràcia,31,la Vila de Gràcia,126,6048,1456
2025-01-01,6,Gràcia,31,la Vila de Gràcia,127,6049,1159
2025-01-01,6,Gràcia,31,la Vila de Gràcia,127,6050,1335
2025-01-01,6,Gràcia,31,la Vila de Gràcia,127,6051,1265
2025-01-01,6,Gràcia,31,la Vila de Gràcia,128,6052,1498
2025-01-01,6,Gràcia,31,la Vila de Gràcia,128,6053,1572
2025-01-01,6,Gràcia,31,la Vila de Gràcia,128,6054,1564
2025-01-01,6,Gràcia,31,la Vila de Gràcia,129,6055,1398
2025-01-01,6,Gràcia,31,la Vila de Gràcia,129,6056,1707
2025-01-01,6,Gràcia,31,la Vila de Gràcia,129,6057,1572
2025-01-01,6,Gràcia,31,la Vila de Gràcia,129,6058,1760
2025-01-01,6,Gràcia,31,la Vila de Gràcia,129,6059,1526
2025-01-01,6,Gràcia,31,la Vila de Gràcia,130,6060,1776
2025-01-01,6,Gràcia,31,la Vila de Gràcia,130,6061,1385
2025-01-01,6,Gràcia,31,la Vila de Gràcia,130,6062,1215
2025-01-01,6,Gràcia,31,la Vila de Gràcia,130,6063,1481
2025-01-01,6,Gràcia,32,el Camp d'en Grassot i Gràcia Nova,131,6064,1915
2025-01-01,6,Gràcia,32,el Camp d'en Grassot i Gràcia Nova,131,6065,1139
2025-01-01,6,Gràcia,32,el Camp d'en Grassot i Gràcia Nova,131,6066,1024
2025-01-01,6,Gràcia,32,el Camp d'en Grassot i Gràcia Nova,131,6067,1834
2025-01-01,6,Gràcia,32,el Camp d'en Grassot i Gràcia Nova,131,6068,1601
2025-01-01,6,Gràcia,32,el Camp d'en Grassot i Gràcia Nova,131,6069,1125
2025-01-01,6,Gràcia,32,el Camp d'en Grassot i Gràcia Nova,131,6070,1928
2025-01-01,6,Gràcia,32,el Camp d'en Grassot i Gràcia Nova,132,6071,1120
2025-01-01,6,Gràcia,32,el Camp d'en Grassot i Gràcia Nova,132,6072,1691
2025-01-01,6,Gràcia,32,el Camp d'en Grassot i Gràcia Nova,132,6073,1374
2025-01-01,6,Gràcia,32,el Camp d'en Grassot i Gràcia Nova,132,6074,1207
2025-01-01,6,Gràcia,32,el Camp d'en Grassot i Gràcia Nova,132,6075,1092
2025-01-01,6,Gràcia,32,el Camp d'en Grassot i Gràcia Nova,132,6076,1282
2025-01-01,6,Gràcia,32,el Camp d'en Grassot i Gràcia Nova,133,6077,1218
2025-01-01,6,Gràcia,32,el Camp d'en Grassot i Gràcia Nova,133,6078,1327
2025-01-01,6,Gràcia,32,el Camp d'en Grassot i Gràcia Nova,133,6079,1197
2025-01-01,6,Gràcia,32,el Camp d'en Grassot i Gràcia Nova,133,6080,1175
2025-01-01,6,Gràcia,32,el Camp d'en Grassot i Gràcia Nova,133,6081,1328
2025-01-01,6,Gràcia,32,el Camp d'en Grassot i Gràcia Nova,134,6082,3505
2025-01-01,6,Gràcia,32,el Camp d'en Grassot i Gràcia Nova,134,6083,1681
2025-01-01,6,Gràcia,32,el Camp d'en Grassot i Gràcia Nova,134,6084,1496
2025-01-01,6,Gràcia,32,el Camp d'en Grassot i Gràcia Nova,134,6085,1337
2025-01-01,6,Gràcia,32,el Camp d'en Grassot i Gràcia Nova,134,6086,1012
2025-01-01,6,Gràcia,32,el Camp d'en Grassot i Gràcia Nova,134,6087,1841
2025-01-01,6,Gràcia,32,el Camp d'en Grassot i Gràcia Nova,134,6088,1294
2025-01-01,7,Horta-Guinardó,33,el Baix Guinardó,135,7001,1583
2025-01-01,7,Horta-Guinardó,33,el Baix Guinardó,135,7002,1140
2025-01-01,7,Horta-Guinardó,33,el Baix Guinardó,135,7003,1397
2025-01-01,7,Horta-Guinardó,33,el Baix Guinardó,135,7004,1630
2025-01-01,7,Horta-Guinardó,33,el Baix Guinardó,135,7005,1440
2025-01-01,7,Horta-Guinardó,33,el Baix Guinardó,135,7006,942
2025-01-01,7,Horta-Guinardó,33,el Baix Guinardó,135,7007,1435
2025-01-01,7,Horta-Guinardó,33,el Baix Guinardó,135,7008,1438
2025-01-01,7,Horta-Guinardó,33,el Baix Guinardó,136,7009,1319
2025-01-01,7,Horta-Guinardó,33,el Baix Guinardó,136,7010,1343
2025-01-01,7,Horta-Guinardó,33,el Baix Guinardó,136,7011,1163
2025-01-01,7,Horta-Guinardó,33,el Baix Guinardó,136,7012,1589
2025-01-01,7,Horta-Guinardó,33,el Baix Guinardó,136,7013,1246
2025-01-01,7,Horta-Guinardó,33,el Baix Guinardó,137,7014,882
2025-01-01,7,Horta-Guinardó,33,el Baix Guinardó,137,7015,1432
2025-01-01,7,Horta-Guinardó,33,el Baix Guinardó,137,7016,1347
2025-01-01,7,Horta-Guinardó,33,el Baix Guinardó,137,7017,1802
2025-01-01,7,Horta-Guinardó,33,el Baix Guinardó,137,7018,1783
2025-01-01,7,Horta-Guinardó,33,el Baix Guinardó,137,7019,1625
2025-01-01,7,Horta-Guinardó,34,Can Baró,138,7020,1718
2025-01-01,7,Horta-Guinardó,34,Can Baró,138,7021,1103
2025-01-01,7,Horta-Guinardó,34,Can Baró,138,7022,1202
2025-01-01,7,Horta-Guinardó,34,Can Baró,138,7023,1378
2025-01-01,7,Horta-Guinardó,34,Can Baró,138,7024,1588
2025-01-01,7,Horta-Guinardó,34,Can Baró,138,7025,1553
2025-01-01,7,Horta-Guinardó,34,Can Baró,138,7026,1130
2025-01-01,7,Horta-Guinardó,35,el Guinardó,139,7027,2148
2025-01-01,7,Horta-Guinardó,35,el Guinardó,139,7028,1516
2025-01-01,7,Horta-Guinardó,35,el Guinardó,139,7029,1327
2025-01-01,7,Horta-Guinardó,35,el Guinardó,139,7030,1518
2025-01-01,7,Horta-Guinardó,35,el Guinardó,140,7031,1583
2025-01-01,7,Horta-Guinardó,35,el Guinardó,140,7032,1524
2025-01-01,7,Horta-Guinardó,35,el Guinardó,140,7033,1515
2025-01-01,7,Horta-Guinardó,35,el Guinardó,140,7034,1910
2025-01-01,7,Horta-Guinardó,35,el Guinardó,140,7035,1824
2025-01-01,7,Horta-Guinardó,35,el Guinardó,140,7036,1485
2025-01-01,7,Horta-Guinardó,35,el Guinardó,140,7037,1555
2025-01-01,7,Horta-Guinardó,35,el Guinardó,140,7038,1342
2025-01-01,7,Horta-Guinardó,35,el Guinardó,141,7039,1622
2025-01-01,7,Horta-Guinardó,35,el Guinardó,141,7040,1582
2025-01-01,7,Horta-Guinardó,35,el Guinardó,141,7041,1470
2025-01-01,7,Horta-Guinardó,35,el Guinardó,142,7042,1644
2025-01-01,7,Horta-Guinardó,35,el Guinardó,142,7043,1491
2025-01-01,7,Horta-Guinardó,35,el Guinardó,142,7044,1380
2025-01-01,7,Horta-Guinardó,35,el Guinardó,142,7045,1732
2025-01-01,7,Horta-Guinardó,35,el Guinardó,142,7046,1447
2025-01-01,7,Horta-Guinardó,35,el Guinardó,143,7047,1571
2025-01-01,7,Horta-Guinardó,35,el Guinardó,143,7048,1371
2025-01-01,7,Horta-Guinardó,35,el Guinardó,143,7049,1226
2025-01-01,7,Horta-Guinardó,35,el Guinardó,143,7050,1319
2025-01-01,7,Horta-Guinardó,35,el Guinardó,143,7051,1959
2025-01-01,7,Horta-Guinardó,36,la Font d'en Fargues,144,7052,1350
2025-01-01,7,Horta-Guinardó,36,la Font d'en Fargues,144,7053,1475
2025-01-01,7,Horta-Guinardó,36,la Font d'en Fargues,144,7054,1744
2025-01-01,7,Horta-Guinardó,36,la Font d'en Fargues,145,7055,1249
2025-01-01,7,Horta-Guinardó,36,la Font d'en Fargues,145,7056,1249
2025-01-01,7,Horta-Guinardó,36,la Font d'en Fargues,145,7057,1525
2025-01-01,7,Horta-Guinardó,36,la Font d'en Fargues,145,7058,1360
2025-01-01,7,Horta-Guinardó,37,el Carmel,146,7059,1447
2025-01-01,7,Horta-Guinardó,37,el Carmel,146,7060,1924
2025-01-01,7,Horta-Guinardó,37,el Carmel,147,7061,1270
2025-01-01,7,Horta-Guinardó,37,el Carmel,147,7062,1363
2025-01-01,7,Horta-Guinardó,37,el Carmel,147,7063,1497
2025-01-01,7,Horta-Guinardó,37,el Carmel,147,7064,1720
2025-01-01,7,Horta-Guinardó,37,el Carmel,147,7065,1865
2025-01-01,7,Horta-Guinardó,37,el Carmel,147,7066,1878
2025-01-01,7,Horta-Guinardó,37,el Carmel,147,7067,1655
2025-01-01,7,Horta-Guinardó,37,el Carmel,147,7068,1408
2025-01-01,7,Horta-Guinardó,37,el Carmel,147,7069,1510
2025-01-01,7,Horta-Guinardó,37,el Carmel,147,7070,1447
2025-01-01,7,Horta-Guinardó,37,el Carmel,148,7071,1346
2025-01-01,7,Horta-Guinardó,37,el Carmel,148,7072,1465
2025-01-01,7,Horta-Guinardó,37,el Carmel,148,7073,1175
2025-01-01,7,Horta-Guinardó,37,el Carmel,148,7074,1769
2025-01-01,7,Horta-Guinardó,37,el Carmel,148,7075,1232
2025-01-01,7,Horta-Guinardó,37,el Carmel,148,7076,1458
2025-01-01,7,Horta-Guinardó,37,el Carmel,148,7077,1361
2025-01-01,7,Horta-Guinardó,37,el Carmel,148,7078,1518
2025-01-01,7,Horta-Guinardó,37,el Carmel,148,7079,1571
2025-01-01,7,Horta-Guinardó,37,el Carmel,148,7080,1815
2025-01-01,7,Horta-Guinardó,38,la Teixonera,149,7081,1934
2025-01-01,7,Horta-Guinardó,38,la Teixonera,149,7082,1339
2025-01-01,7,Horta-Guinardó,38,la Teixonera,149,7083,1420
2025-01-01,7,Horta-Guinardó,38,la Teixonera,149,7084,1443
2025-01-01,7,Horta-Guinardó,38,la Teixonera,149,7085,1308
2025-01-01,7,Horta-Guinardó,38,la Teixonera,149,7086,1594
2025-01-01,7,Horta-Guinardó,38,la Teixonera,149,7087,1752
2025-01-01,7,Horta-Guinardó,38,la Teixonera,149,7088,1815
2025-01-01,7,Horta-Guinardó,39,Sant Genís dels Agudells,150,7089,1475
2025-01-01,7,Horta-Guinardó,39,Sant Genís dels Agudells,150,7090,1606
2025-01-01,7,Horta-Guinardó,39,Sant Genís dels Agudells,150,7091,1333
2025-01-01,7,Horta-Guinardó,39,Sant Genís dels Agudells,150,7092,1589
2025-01-01,7,Horta-Guinardó,39,Sant Genís dels Agudells,150,7093,1823
2025-01-01,7,Horta-Guinardó,40,Montbau,151,7094,1332
2025-01-01,7,Horta-Guinardó,40,Montbau,151,7095,1613
2025-01-01,7,Horta-Guinardó,40,Montbau,151,7096,1534
2025-01-01,7,Horta-Guinardó,40,Montbau,151,7097,864
2025-01-01,7,Horta-Guinardó,41,la Vall d'Hebron,152,7098,2204
2025-01-01,7,Horta-Guinardó,41,la Vall d'Hebron,152,7099,1048
2025-01-01,7,Horta-Guinardó,41,la Vall d'Hebron,152,7100,1203
2025-01-01,7,Horta-Guinardó,41,la Vall d'Hebron,152,7101,1535
2025-01-01,7,Horta-Guinardó,42,la Clota,153,7102,1071
2025-01-01,7,Horta-Guinardó,43,Horta,154,7103,1663
2025-01-01,7,Horta-Guinardó,43,Horta,154,7104,1617
2025-01-01,7,Horta-Guinardó,43,Horta,154,7105,1109
2025-01-01,7,Horta-Guinardó,43,Horta,154,7106,1259
2025-01-01,7,Horta-Guinardó,43,Horta,154,7107,1185
2025-01-01,7,Horta-Guinardó,43,Horta,154,7108,1248
2025-01-01,7,Horta-Guinardó,43,Horta,154,7109,1708
2025-01-01,7,Horta-Guinardó,43,Horta,154,7110,1046
2025-01-01,7,Horta-Guinardó,43,Horta,154,7111,917
2025-01-01,7,Horta-Guinardó,43,Horta,155,7112,1372
2025-01-01,7,Horta-Guinardó,43,Horta,155,7113,1294
2025-01-01,7,Horta-Guinardó,43,Horta,155,7114,1265
2025-01-01,7,Horta-Guinardó,43,Horta,155,7115,1097
2025-01-01,7,Horta-Guinardó,43,Horta,155,7116,1544
2025-01-01,7,Horta-Guinardó,43,Horta,155,7117,4816
2025-01-01,7,Horta-Guinardó,43,Horta,155,7118,1346
2025-01-01,7,Horta-Guinardó,43,Horta,156,7119,1408
2025-01-01,7,Horta-Guinardó,43,Horta,156,7120,1268
2025-01-01,7,Horta-Guinardó,43,Horta,156,7121,1264
2025-01-01,7,Horta-Guinardó,43,Horta,156,7122,1374
2025-01-01,7,Horta-Guinardó,43,Horta,156,7123,1459
2025-01-01,8,Nou Barris,44,Vilapicina i la Torre Llobeta,157,8001,1247
2025-01-01,8,Nou Barris,44,Vilapicina i la Torre Llobeta,157,8002,1332
2025-01-01,8,Nou Barris,44,Vilapicina i la Torre Llobeta,157,8003,1282
2025-01-01,8,Nou Barris,44,Vilapicina i la Torre Llobeta,157,8004,1498
2025-01-01,8,Nou Barris,44,Vilapicina i la Torre Llobeta,157,8005,1154
2025-01-01,8,Nou Barris,44,Vilapicina i la Torre Llobeta,157,8006,1690
2025-01-01,8,Nou Barris,44,Vilapicina i la Torre Llobeta,157,8007,1187
2025-01-01,8,Nou Barris,44,Vilapicina i la Torre Llobeta,157,8008,1638
2025-01-01,8,Nou Barris,44,Vilapicina i la Torre Llobeta,158,8009,1797
2025-01-01,8,Nou Barris,44,Vilapicina i la Torre Llobeta,159,8010,1155
2025-01-01,8,Nou Barris,44,Vilapicina i la Torre Llobeta,159,8011,1222
2025-01-01,8,Nou Barris,44,Vilapicina i la Torre Llobeta,159,8012,1292
2025-01-01,8,Nou Barris,44,Vilapicina i la Torre Llobeta,159,8013,1244
2025-01-01,8,Nou Barris,44,Vilapicina i la Torre Llobeta,159,8014,1305
2025-01-01,8,Nou Barris,44,Vilapicina i la Torre Llobeta,160,8015,1520
2025-01-01,8,Nou Barris,44,Vilapicina i la Torre Llobeta,160,8016,1226
2025-01-01,8,Nou Barris,44,Vilapicina i la Torre Llobeta,160,8017,1368
2025-01-01,8,Nou Barris,44,Vilapicina i la Torre Llobeta,160,8018,1494
2025-01-01,8,Nou Barris,44,Vilapicina i la Torre Llobeta,160,8019,1896
2025-01-01,8,Nou Barris,45,Porta,161,8020,1453
2025-01-01,8,Nou Barris,45,Porta,161,8021,1468
2025-01-01,8,Nou Barris,45,Porta,161,8022,1249
2025-01-01,8,Nou Barris,45,Porta,161,8023,1466
2025-01-01,8,Nou Barris,45,Porta,161,8024,1423
2025-01-01,8,Nou Barris,45,Porta,161,8025,1352
2025-01-01,8,Nou Barris,45,Porta,161,8026,1420
2025-01-01,8,Nou Barris,45,Porta,162,8027,1445
2025-01-01,8,Nou Barris,45,Porta,162,8028,1066
2025-01-01,8,Nou Barris,45,Porta,162,8029,1552
2025-01-01,8,Nou Barris,45,Porta,162,8030,1512
2025-01-01,8,Nou Barris,45,Porta,163,8031,1302
2025-01-01,8,Nou Barris,45,Porta,163,8032,1280
2025-01-01,8,Nou Barris,45,Porta,163,8033,1523
2025-01-01,8,Nou Barris,45,Porta,163,8034,1317
2025-01-01,8,Nou Barris,45,Porta,163,8035,7323
2025-01-01,8,Nou Barris,45,Porta,163,8036,1593
2025-01-01,8,Nou Barris,45,Porta,163,8037,1619
2025-01-01,8,Nou Barris,46,el Turó de la Peira,164,8038,1698
2025-01-01,8,Nou Barris,46,el Turó de la Peira,164,8039,1643
2025-01-01,8,Nou Barris,46,el Turó de la Peira,164,8040,1996
2025-01-01,8,Nou Barris,46,el Turó de la Peira,164,8041,2748
2025-01-01,8,Nou Barris,46,el Turó de la Peira,164,8042,1327
2025-01-01,8,Nou Barris,46,el Turó de la Peira,164,8043,1130
2025-01-01,8,Nou Barris,46,el Turó de la Peira,165,8044,1480
2025-01-01,8,Nou Barris,46,el Turó de la Peira,165,8045,1952
2025-01-01,8,Nou Barris,46,el Turó de la Peira,165,8046,1663
2025-01-01,8,Nou Barris,46,el Turó de la Peira,165,8047,1819
2025-01-01,8,Nou Barris,47,Can Peguera,166,8048,971
2025-01-01,8,Nou Barris,47,Can Peguera,166,8049,1199
2025-01-01,8,Nou Barris,48,la Guineueta,167,8050,1386
2025-01-01,8,Nou Barris,48,la Guineueta,167,8051,1358
2025-01-01,8,Nou Barris,48,la Guineueta,167,8052,908
2025-01-01,8,Nou Barris,48,la Guineueta,167,8053,1132
2025-01-01,8,Nou Barris,48,la Guineueta,167,8054,1643
2025-01-01,8,Nou Barris,48,la Guineueta,167,8055,1781
2025-01-01,8,Nou Barris,48,la Guineueta,167,8215,1661
2025-01-01,8,Nou Barris,48,la Guineueta,168,8056,1628
2025-01-01,8,Nou Barris,48,la Guineueta,168,8057,1374
2025-01-01,8,Nou Barris,48,la Guineueta,168,8058,1714
2025-01-01,8,Nou Barris,48,la Guineueta,168,8059,1071
2025-01-01,8,Nou Barris,49,Canyelles,169,8060,1222
2025-01-01,8,Nou Barris,49,Canyelles,169,8061,1606
2025-01-01,8,Nou Barris,49,Canyelles,169,8062,1122
2025-01-01,8,Nou Barris,49,Canyelles,169,8063,1066
2025-01-01,8,Nou Barris,49,Canyelles,169,8064,1801
2025-01-01,8,Nou Barris,50,les Roquetes,170,8065,1860
2025-01-01,8,Nou Barris,50,les Roquetes,170,8066,1709
2025-01-01,8,Nou Barris,50,les Roquetes,170,8067,1958
2025-01-01,8,Nou Barris,50,les Roquetes,170,8068,1950
2025-01-01,8,Nou Barris,50,les Roquetes,170,8069,1663
2025-01-01,8,Nou Barris,50,les Roquetes,171,8070,1566
2025-01-01,8,Nou Barris,50,les Roquetes,171,8071,1789
2025-01-01,8,Nou Barris,50,les Roquetes,171,8072,1187
2025-01-01,8,Nou Barris,50,les Roquetes,171,8073,1975
2025-01-01,8,Nou Barris,50,les Roquetes,171,8074,1664
2025-01-01,8,Nou Barris,51,Verdun,172,8075,2043
2025-01-01,8,Nou Barris,51,Verdun,172,8076,1627
2025-01-01,8,Nou Barris,51,Verdun,172,8077,1448
2025-01-01,8,Nou Barris,51,Verdun,173,8078,1756
2025-01-01,8,Nou Barris,51,Verdun,173,8079,1568
2025-01-01,8,Nou Barris,51,Verdun,173,8080,1601
2025-01-01,8,Nou Barris,51,Verdun,173,8081,1736
2025-01-01,8,Nou Barris,51,Verdun,173,8082,1732
2025-01-01,8,Nou Barris,52,la Prosperitat,174,8083,1374
2025-01-01,8,Nou Barris,52,la Prosperitat,174,8084,1181
2025-01-01,8,Nou Barris,52,la Prosperitat,174,8085,1625
2025-01-01,8,Nou Barris,52,la Prosperitat,174,8086,1751
2025-01-01,8,Nou Barris,52,la Prosperitat,175,8087,1332
2025-01-01,8,Nou Barris,52,la Prosperitat,175,8088,1371
2025-01-01,8,Nou Barris,52,la Prosperitat,175,8089,1215
2025-01-01,8,Nou Barris,52,la Prosperitat,175,8090,1324
2025-01-01,8,Nou Barris,52,la Prosperitat,175,8091,1297
2025-01-01,8,Nou Barris,52,la Prosperitat,176,8092,989
2025-01-01,8,Nou Barris,52,la Prosperitat,176,8093,1366
2025-01-01,8,Nou Barris,52,la Prosperitat,176,8094,1494
2025-01-01,8,Nou Barris,52,la Prosperitat,176,8095,1143
2025-01-01,8,Nou Barris,52,la Prosperitat,177,8096,1569
2025-01-01,8,Nou Barris,52,la Prosperitat,177,8097,1396
2025-01-01,8,Nou Barris,52,la Prosperitat,177,8098,1336
2025-01-01,8,Nou Barris,52,la Prosperitat,177,8099,1476
2025-01-01,8,Nou Barris,52,la Prosperitat,177,8100,1341
2025-01-01,8,Nou Barris,52,la Prosperitat,177,8101,1712
2025-01-01,8,Nou Barris,52,la Prosperitat,177,8102,1630
2025-01-01,8,Nou Barris,53,la Trinitat Nova,178,8103,1823
2025-01-01,8,Nou Barris,53,la Trinitat Nova,178,8104,1357
2025-01-01,8,Nou Barris,53,la Trinitat Nova,178,8105,1481
2025-01-01,8,Nou Barris,53,la Trinitat Nova,178,8106,1381
2025-01-01,8,Nou Barris,53,la Trinitat Nova,178,8107,1923
2025-01-01,8,Nou Barris,54,Torre Baró,179,8108,2267
2025-01-01,8,Nou Barris,54,Torre Baró,179,8109,957
2025-01-01,8,Nou Barris,55,Ciutat Meridiana,180,8110,2066
2025-01-01,8,Nou Barris,55,Ciutat Meridiana,180,8111,1775
2025-01-01,8,Nou Barris,55,Ciutat Meridiana,180,8112,1846
2025-01-01,8,Nou Barris,55,Ciutat Meridiana,180,8113,1889
2025-01-01,8,Nou Barris,55,Ciutat Meridiana,180,8114,2017
2025-01-01,8,Nou Barris,55,Ciutat Meridiana,180,8115,1758
2025-01-01,8,Nou Barris,56,Vallbona,181,8116,1452
2025-01-01,9,Sant Andreu,57,la Trinitat Vella,182,9001,2848
2025-01-01,9,Sant Andreu,57,la Trinitat Vella,182,9002,2247
2025-01-01,9,Sant Andreu,57,la Trinitat Vella,182,9003,2265
2025-01-01,9,Sant Andreu,57,la Trinitat Vella,182,9004,1794
2025-01-01,9,Sant Andreu,57,la Trinitat Vella,182,9005,2006
2025-01-01,9,Sant Andreu,58,Baró de Viver,183,9006,1318
2025-01-01,9,Sant Andreu,58,Baró de Viver,183,9007,1360
2025-01-01,9,Sant Andreu,59,el Bon Pastor,184,9008,1904
2025-01-01,9,Sant Andreu,59,el Bon Pastor,184,9009,1482
2025-01-01,9,Sant Andreu,59,el Bon Pastor,185,9010,1827
2025-01-01,9,Sant Andreu,59,el Bon Pastor,185,9011,1858
2025-01-01,9,Sant Andreu,59,el Bon Pastor,185,9013,2167
2025-01-01,9,Sant Andreu,59,el Bon Pastor,185,9014,4657
2025-01-01,9,Sant Andreu,59,el Bon Pastor,185,9015,2023
2025-01-01,9,Sant Andreu,60,Sant Andreu,186,9016,1282
2025-01-01,9,Sant Andreu,60,Sant Andreu,186,9017,1564
2025-01-01,9,Sant Andreu,60,Sant Andreu,186,9018,1467
2025-01-01,9,Sant Andreu,60,Sant Andreu,186,9019,2674
2025-01-01,9,Sant Andreu,60,Sant Andreu,186,9020,1165
2025-01-01,9,Sant Andreu,60,Sant Andreu,186,9021,1445
2025-01-01,9,Sant Andreu,60,Sant Andreu,186,9022,1248
2025-01-01,9,Sant Andreu,60,Sant Andreu,186,9023,1216
2025-01-01,9,Sant Andreu,60,Sant Andreu,187,9024,1198
2025-01-01,9,Sant Andreu,60,Sant Andreu,187,9025,1243
2025-01-01,9,Sant Andreu,60,Sant Andreu,187,9026,1521
2025-01-01,9,Sant Andreu,60,Sant Andreu,187,9027,1299
2025-01-01,9,Sant Andreu,60,Sant Andreu,188,9028,1525
2025-01-01,9,Sant Andreu,60,Sant Andreu,188,9029,1072
2025-01-01,9,Sant Andreu,60,Sant Andreu,188,9030,1457
2025-01-01,9,Sant Andreu,60,Sant Andreu,188,9031,1183
2025-01-01,9,Sant Andreu,60,Sant Andreu,189,9032,2221
2025-01-01,9,Sant Andreu,60,Sant Andreu,189,9033,3320
2025-01-01,9,Sant Andreu,60,Sant Andreu,190,9034,1467
2025-01-01,9,Sant Andreu,60,Sant Andreu,190,9035,1558
2025-01-01,9,Sant Andreu,60,Sant Andreu,190,9036,1462
2025-01-01,9,Sant Andreu,60,Sant Andreu,190,9037,1757
2025-01-01,9,Sant Andreu,60,Sant Andreu,190,9038,1750
2025-01-01,9,Sant Andreu,60,Sant Andreu,190,9039,1602
2025-01-01,9,Sant Andreu,60,Sant Andreu,191,9040,1731
2025-01-01,9,Sant Andreu,60,Sant Andreu,191,9041,1425
2025-01-01,9,Sant Andreu,60,Sant Andreu,191,9042,1268
2025-01-01,9,Sant Andreu,60,Sant Andreu,191,9043,1376
2025-01-01,9,Sant Andreu,60,Sant Andreu,191,9044,1554
2025-01-01,9,Sant Andreu,60,Sant Andreu,191,9045,1433
2025-01-01,9,Sant Andreu,60,Sant Andreu,192,9046,1337
2025-01-01,9,Sant Andreu,60,Sant Andreu,192,9047,1616
2025-01-01,9,Sant Andreu,60,Sant Andreu,192,9048,1346
2025-01-01,9,Sant Andreu,60,Sant Andreu,192,9049,1308
2025-01-01,9,Sant Andreu,60,Sant Andreu,192,9050,1560
2025-01-01,9,Sant Andreu,60,Sant Andreu,192,9051,1298
2025-01-01,9,Sant Andreu,60,Sant Andreu,192,9052,1247
2025-01-01,9,Sant Andreu,60,Sant Andreu,192,9053,1716
2025-01-01,9,Sant Andreu,60,Sant Andreu,192,9054,1077
2025-01-01,9,Sant Andreu,61,la Sagrera,193,9055,1881
2025-01-01,9,Sant Andreu,61,la Sagrera,193,9056,1159
2025-01-01,9,Sant Andreu,61,la Sagrera,193,9057,1786
2025-01-01,9,Sant Andreu,61,la Sagrera,193,9058,1583
2025-01-01,9,Sant Andreu,61,la Sagrera,193,9059,1470
2025-01-01,9,Sant Andreu,61,la Sagrera,193,9060,1419
2025-01-01,9,Sant Andreu,61,la Sagrera,193,9156,1257
2025-01-01,9,Sant Andreu,61,la Sagrera,194,9061,1867
2025-01-01,9,Sant Andreu,61,la Sagrera,194,9062,1620
2025-01-01,9,Sant Andreu,61,la Sagrera,195,9063,1295
2025-01-01,9,Sant Andreu,61,la Sagrera,195,9064,1189
2025-01-01,9,Sant Andreu,61,la Sagrera,195,9065,2128
2025-01-01,9,Sant Andreu,61,la Sagrera,195,9066,1429
2025-01-01,9,Sant Andreu,61,la Sagrera,195,9067,1526
2025-01-01,9,Sant Andreu,61,la Sagrera,196,9068,1564
2025-01-01,9,Sant Andreu,61,la Sagrera,196,9069,1022
2025-01-01,9,Sant Andreu,61,la Sagrera,196,9070,1777
2025-01-01,9,Sant Andreu,61,la Sagrera,196,9071,1935
2025-01-01,9,Sant Andreu,61,la Sagrera,196,9072,1551
2025-01-01,9,Sant Andreu,61,la Sagrera,196,9073,1507
2025-01-01,9,Sant Andreu,62,el Congrés i els Indians,197,9074,1795
2025-01-01,9,Sant Andreu,62,el Congrés i els Indians,197,9075,1578
2025-01-01,9,Sant Andreu,62,el Congrés i els Indians,197,9076,1526
2025-01-01,9,Sant Andreu,62,el Congrés i els Indians,197,9077,1675
2025-01-01,9,Sant Andreu,62,el Congrés i els Indians,198,9078,1537
2025-01-01,9,Sant Andreu,62,el Congrés i els Indians,198,9079,1709
2025-01-01,9,Sant Andreu,62,el Congrés i els Indians,198,9080,1387
2025-01-01,9,Sant Andreu,62,el Congrés i els Indians,198,9081,1821
2025-01-01,9,Sant Andreu,62,el Congrés i els Indians,198,9082,2147
2025-01-01,9,Sant Andreu,63,Navas,199,9083,1762
2025-01-01,9,Sant Andreu,63,Navas,199,9084,1766
2025-01-01,9,Sant Andreu,63,Navas,199,9085,1814
2025-01-01,9,Sant Andreu,63,Navas,199,9086,1508
2025-01-01,9,Sant Andreu,63,Navas,199,9087,1301
2025-01-01,9,Sant Andreu,63,Navas,199,9088,1992
2025-01-01,9,Sant Andreu,63,Navas,199,9089,1541
2025-01-01,9,Sant Andreu,63,Navas,200,9090,1625
2025-01-01,9,Sant Andreu,63,Navas,200,9091,1883
2025-01-01,9,Sant Andreu,63,Navas,200,9092,1931
2025-01-01,9,Sant Andreu,63,Navas,200,9093,1327
2025-01-01,9,Sant Andreu,63,Navas,200,9094,2100
2025-01-01,9,Sant Andreu,63,Navas,200,9095,2240
2025-01-01,10,Sant Martí,64,el Camp de l'Arpa del Clot,201,10001,1655
2025-01-01,10,Sant Martí,64,el Camp de l'Arpa del Clot,201,10002,1957
2025-01-01,10,Sant Martí,64,el Camp de l'Arpa del Clot,201,10003,1616
2025-01-01,10,Sant Martí,64,el Camp de l'Arpa del Clot,201,10004,1616
2025-01-01,10,Sant Martí,64,el Camp de l'Arpa del Clot,201,10005,1604
2025-01-01,10,Sant Martí,64,el Camp de l'Arpa del Clot,202,10006,1911
2025-01-01,10,Sant Martí,64,el Camp de l'Arpa del Clot,202,10007,1367
2025-01-01,10,Sant Martí,64,el Camp de l'Arpa del Clot,202,10008,1817
2025-01-01,10,Sant Martí,64,el Camp de l'Arpa del Clot,202,10009,1711
2025-01-01,10,Sant Martí,64,el Camp de l'Arpa del Clot,202,10010,1814
2025-01-01,10,Sant Martí,64,el Camp de l'Arpa del Clot,202,10011,1254
2025-01-01,10,Sant Martí,64,el Camp de l'Arpa del Clot,203,10012,1797
2025-01-01,10,Sant Martí,64,el Camp de l'Arpa del Clot,203,10013,1452
2025-01-01,10,Sant Martí,64,el Camp de l'Arpa del Clot,203,10014,1479
2025-01-01,10,Sant Martí,64,el Camp de l'Arpa del Clot,203,10015,2066
2025-01-01,10,Sant Martí,64,el Camp de l'Arpa del Clot,203,10016,1274
2025-01-01,10,Sant Martí,64,el Camp de l'Arpa del Clot,203,10017,1673
2025-01-01,10,Sant Martí,64,el Camp de l'Arpa del Clot,203,10018,1463
2025-01-01,10,Sant Martí,64,el Camp de l'Arpa del Clot,204,10019,1587
2025-01-01,10,Sant Martí,64,el Camp de l'Arpa del Clot,204,10020,1499
2025-01-01,10,Sant Martí,64,el Camp de l'Arpa del Clot,204,10021,1320
2025-01-01,10,Sant Martí,64,el Camp de l'Arpa del Clot,204,10022,1401
2025-01-01,10,Sant Martí,64,el Camp de l'Arpa del Clot,204,10023,1508
2025-01-01,10,Sant Martí,64,el Camp de l'Arpa del Clot,204,10024,1564
2025-01-01,10,Sant Martí,64,el Camp de l'Arpa del Clot,204,10025,1399
2025-01-01,10,Sant Martí,65,el Clot,205,10026,1693
2025-01-01,10,Sant Martí,65,el Clot,205,10027,1589
2025-01-01,10,Sant Martí,65,el Clot,205,10028,1777
2025-01-01,10,Sant Martí,65,el Clot,205,10029,1479
2025-01-01,10,Sant Martí,65,el Clot,205,10030,1770
2025-01-01,10,Sant Martí,65,el Clot,205,10031,1563
2025-01-01,10,Sant Martí,65,el Clot,206,10032,1349
2025-01-01,10,Sant Martí,65,el Clot,206,10033,873
2025-01-01,10,Sant Martí,65,el Clot,206,10034,1616
2025-01-01,10,Sant Martí,65,el Clot,206,10035,1916
2025-01-01,10,Sant Martí,65,el Clot,206,10036,1435
2025-01-01,10,Sant Martí,65,el Clot,206,10037,1107
2025-01-01,10,Sant Martí,65,el Clot,206,10234,1780
2025-01-01,10,Sant Martí,65,el Clot,207,10038,1669
2025-01-01,10,Sant Martí,65,el Clot,207,10039,1909
2025-01-01,10,Sant Martí,65,el Clot,207,10040,1940
2025-01-01,10,Sant Martí,65,el Clot,207,10041,1638
2025-01-01,10,Sant Martí,66,el Parc i la Llacuna del Poblenou,208,10042,3747
2025-01-01,10,Sant Martí,66,el Parc i la Llacuna del Poblenou,208,10043,3410
2025-01-01,10,Sant Martí,66,el Parc i la Llacuna del Poblenou,209,10044,1625
2025-01-01,10,Sant Martí,66,el Parc i la Llacuna del Poblenou,209,10045,1278
2025-01-01,10,Sant Martí,66,el Parc i la Llacuna del Poblenou,209,10046,1265
2025-01-01,10,Sant Martí,66,el Parc i la Llacuna del Poblenou,209,10047,1831
2025-01-01,10,Sant Martí,66,el Parc i la Llacuna del Poblenou,209,10048,1643
2025-01-01,10,Sant Martí,66,el Parc i la Llacuna del Poblenou,209,10049,1250
2025-01-01,10,Sant Martí,66,el Parc i la Llacuna del Poblenou,209,10050,1554
2025-01-01,10,Sant Martí,67,la Vila Olímpica del Poblenou,210,10051,1669
2025-01-01,10,Sant Martí,67,la Vila Olímpica del Poblenou,210,10052,2438
2025-01-01,10,Sant Martí,67,la Vila Olímpica del Poblenou,210,10053,1707
2025-01-01,10,Sant Martí,67,la Vila Olímpica del Poblenou,210,10054,947
2025-01-01,10,Sant Martí,67,la Vila Olímpica del Poblenou,211,10055,2584
2025-01-01,10,Sant Martí,68,el Poblenou,212,10056,1814
2025-01-01,10,Sant Martí,68,el Poblenou,212,10057,1460
2025-01-01,10,Sant Martí,68,el Poblenou,212,10058,1185
2025-01-01,10,Sant Martí,68,el Poblenou,213,10059,1839
2025-01-01,10,Sant Martí,68,el Poblenou,213,10060,1770
2025-01-01,10,Sant Martí,68,el Poblenou,213,10061,1754
2025-01-01,10,Sant Martí,68,el Poblenou,213,10062,1513
2025-01-01,10,Sant Martí,68,el Poblenou,214,10063,1346
2025-01-01,10,Sant Martí,68,el Poblenou,214,10064,1681
2025-01-01,10,Sant Martí,68,el Poblenou,214,10065,1593
2025-01-01,10,Sant Martí,68,el Poblenou,214,10066,2092
2025-01-01,10,Sant Martí,68,el Poblenou,214,10067,1941
2025-01-01,10,Sant Martí,68,el Poblenou,214,10068,1630
2025-01-01,10,Sant Martí,68,el Poblenou,215,10069,2884
2025-01-01,10,Sant Martí,68,el Poblenou,215,10070,1690
2025-01-01,10,Sant Martí,68,el Poblenou,215,10071,1747
2025-01-01,10,Sant Martí,68,el Poblenou,215,10072,2103
2025-01-01,10,Sant Martí,68,el Poblenou,215,10073,1457
2025-01-01,10,Sant Martí,68,el Poblenou,215,10074,1790
2025-01-01,10,Sant Martí,68,el Poblenou,215,10075,1529
2025-01-01,10,Sant Martí,69,Diagonal Mar i el Front Marítim del Poblenou,216,10076,2291
2025-01-01,10,Sant Martí,69,Diagonal Mar i el Front Marítim del Poblenou,216,10235,1354
2025-01-01,10,Sant Martí,69,Diagonal Mar i el Front Marítim del Poblenou,216,10236,1589
2025-01-01,10,Sant Martí,69,Diagonal Mar i el Front Marítim del Poblenou,217,10077,1861
2025-01-01,10,Sant Martí,69,Diagonal Mar i el Front Marítim del Poblenou,217,10078,2469
2025-01-01,10,Sant Martí,69,Diagonal Mar i el Front Marítim del Poblenou,217,10079,1667
2025-01-01,10,Sant Martí,69,Diagonal Mar i el Front Marítim del Poblenou,218,10080,2460
2025-01-01,10,Sant Martí,70,el Besòs i el Maresme,219,10081,2274
2025-01-01,10,Sant Martí,70,el Besòs i el Maresme,219,10082,2296
2025-01-01,10,Sant Martí,70,el Besòs i el Maresme,219,10083,2395
2025-01-01,10,Sant Martí,70,el Besòs i el Maresme,219,10084,1686
2025-01-01,10,Sant Martí,70,el Besòs i el Maresme,220,10085,2183
2025-01-01,10,Sant Martí,70,el Besòs i el Maresme,220,10086,2100
2025-01-01,10,Sant Martí,70,el Besòs i el Maresme,220,10087,1932
2025-01-01,10,Sant Martí,70,el Besòs i el Maresme,220,10088,1686
2025-01-01,10,Sant Martí,70,el Besòs i el Maresme,221,10089,7456
2025-01-01,10,Sant Martí,70,el Besòs i el Maresme,222,10090,1527
2025-01-01,10,Sant Martí,70,el Besòs i el Maresme,222,10091,2027
2025-01-01,10,Sant Martí,70,el Besòs i el Maresme,222,10092,1465
2025-01-01,10,Sant Martí,70,el Besòs i el Maresme,222,10093,1697
2025-01-01,10,Sant Martí,71,Provençals del Poblenou,223,10094,3562
2025-01-01,10,Sant Martí,71,Provençals del Poblenou,223,10095,1386
2025-01-01,10,Sant Martí,71,Provençals del Poblenou,224,10096,1697
2025-01-01,10,Sant Martí,71,Provençals del Poblenou,224,10097,1629
2025-01-01,10,Sant Martí,71,Provençals del Poblenou,224,10098,1736
2025-01-01,10,Sant Martí,71,Provençals del Poblenou,224,10099,1126
2025-01-01,10,Sant Martí,71,Provençals del Poblenou,224,10100,1744
2025-01-01,10,Sant Martí,71,Provençals del Poblenou,225,10101,1759
2025-01-01,10,Sant Martí,71,Provençals del Poblenou,225,10102,2673
2025-01-01,10,Sant Martí,71,Provençals del Poblenou,225,10103,2155
2025-01-01,10,Sant Martí,71,Provençals del Poblenou,225,10104,1555
2025-01-01,10,Sant Martí,71,Provençals del Poblenou,225,10237,880
2025-01-01,10,Sant Martí,72,Sant Martí de Provençals,226,10105,2140
2025-01-01,10,Sant Martí,72,Sant Martí de Provençals,226,10106,1067
2025-01-01,10,Sant Martí,72,Sant Martí de Provençals,226,10107,1545
2025-01-01,10,Sant Martí,72,Sant Martí de Provençals,226,10108,1362
2025-01-01,10,Sant Martí,72,Sant Martí de Provençals,226,10109,1694
2025-01-01,10,Sant Martí,72,Sant Martí de Provençals,226,10110,1954
2025-01-01,10,Sant Martí,72,Sant Martí de Provençals,227,10111,1316
2025-01-01,10,Sant Martí,72,Sant Martí de Provençals,227,10112,1494
2025-01-01,10,Sant Martí,72,Sant Martí de Provençals,227,10113,1294
2025-01-01,10,Sant Martí,72,Sant Martí de Provençals,227,10114,1659
2025-01-01,10,Sant Martí,72,Sant Martí de Provençals,228,10115,1415
2025-01-01,10,Sant Martí,72,Sant Martí de Provençals,228,10116,1875
2025-01-01,10,Sant Martí,72,Sant Martí de Provençals,228,10117,1266
2025-01-01,10,Sant Martí,72,Sant Martí de Provençals,228,10118,1013
2025-01-01,10,Sant Martí,72,Sant Martí de Provençals,228,10119,1207
2025-01-01,10,Sant Martí,72,Sant Martí de Provençals,229,10120,1581
2025-01-01,10,Sant Martí,72,Sant Martí de Provençals,229,10121,1605
2025-01-01,10,Sant Martí,72,Sant Martí de Provençals,229,10122,1489
2025-01-01,10,Sant Martí,73,la Verneda i la Pau,230,10123,1356
2025-01-01,10,Sant Martí,73,la Verneda i la Pau,230,10124,1068
2025-01-01,10,Sant Martí,73,la Verneda i la Pau,230,10125,1096
2025-01-01,10,Sant Martí,73,la Verneda i la Pau,230,10126,1004
2025-01-01,10,Sant Martí,73,la Verneda i la Pau,230,10127,1000
2025-01-01,10,Sant Martí,73,la Verneda i la Pau,230,10128,1589
2025-01-01,10,Sant Martí,73,la Verneda i la Pau,230,10129,1132
2025-01-01,10,Sant Martí,73,la Verneda i la Pau,231,10130,1252
2025-01-01,10,Sant Martí,73,la Verneda i la Pau,231,10131,1058
2025-01-01,10,Sant Martí,73,la Verneda i la Pau,231,10132,1319
2025-01-01,10,Sant Martí,73,la Verneda i la Pau,231,10133,1782
2025-01-01,10,Sant Martí,73,la Verneda i la Pau,231,10134,1649
2025-01-01,10,Sant Martí,73,la Verneda i la Pau,231,10135,1241
2025-01-01,10,Sant Martí,73,la Verneda i la Pau,232,10136,1447
2025-01-01,10,Sant Martí,73,la Verneda i la Pau,232,10137,1634
2025-01-01,10,Sant Martí,73,la Verneda i la Pau,232,10138,3312
2025-01-01,10,Sant Martí,73,la Verneda i la Pau,232,10139,1749
2025-01-01,10,Sant Martí,73,la Verneda i la Pau,233,10140,1712
2025-01-01,10,Sant Martí,73,la Verneda i la Pau,233,10141,1196
2025-01-01,10,Sant Martí,73,la Verneda i la Pau,233,10142,1743
2025-01-01,10,Sant Martí,73,la Verneda i la Pau,233,10143,1834
